file_name,score
0.pkl,0
1.pkl,0
10.pkl,0
10001.pkl,0
10002.pkl,0
10004.pkl,0
10008.pkl,0
10014.pkl,0
10018.pkl,0
10019.pkl,0
1002.pkl,0
10022.pkl,1
10023.pkl,0
10026.pkl,0
10027.pkl,0
10028.pkl,0
10029.pkl,0
1003.pkl,0
10030.pkl,0
10031.pkl,0
10032.pkl,0
10033.pkl,0
10034.pkl,0
10035.pkl,1
10037.pkl,0
10038.pkl,0
1004.pkl,0
10041.pkl,0
10042.pkl,0
10044.pkl,0
10045.pkl,0
10047.pkl,0
10048.pkl,0
1005.pkl,0
10052.pkl,0
10053.pkl,0
10054.pkl,0
10055.pkl,0
10056.pkl,0
10058.pkl,0
1006.pkl,0
10062.pkl,0
10063.pkl,0
10064.pkl,0
10066.pkl,0
10067.pkl,0
10068.pkl,0
1007.pkl,0
10070.pkl,0
10072.pkl,0
10073.pkl,0
10074.pkl,0
10075.pkl,0
10077.pkl,0
10078.pkl,0
1008.pkl,0
10081.pkl,0
10083.pkl,0
10085.pkl,0
10086.pkl,0
10089.pkl,0
1009.pkl,0
10090.pkl,0
10093.pkl,0
10095.pkl,0
10097.pkl,0
101.pkl,0
1010.pkl,0
10101.pkl,0
10102.pkl,0
10103.pkl,0
10105.pkl,0
10107.pkl,0
1011.pkl,0
10111.pkl,0
10112.pkl,1
10113.pkl,0
10114.pkl,0
10116.pkl,0
10118.pkl,0
10119.pkl,0
10120.pkl,0
10122.pkl,0
10124.pkl,0
10125.pkl,1
10127.pkl,0
10128.pkl,0
10129.pkl,0
10130.pkl,0
10131.pkl,0
10132.pkl,0
10133.pkl,0
10136.pkl,1
10138.pkl,0
10139.pkl,0
10141.pkl,0
10142.pkl,0
10143.pkl,0
10144.pkl,0
10145.pkl,0
10146.pkl,0
10148.pkl,0
10149.pkl,1
1015.pkl,0
10150.pkl,0
10151.pkl,0
10152.pkl,0
10156.pkl,0
10158.pkl,0
1016.pkl,0
10160.pkl,0
10164.pkl,0
10165.pkl,0
10167.pkl,0
10168.pkl,0
10169.pkl,0
1017.pkl,0
10171.pkl,0
10173.pkl,0
10174.pkl,0
10175.pkl,0
10177.pkl,0
10178.pkl,0
10179.pkl,0
1018.pkl,0
10180.pkl,0
10185.pkl,0
10186.pkl,0
10187.pkl,0
1019.pkl,0
10191.pkl,0
10193.pkl,0
10194.pkl,0
10195.pkl,0
10196.pkl,0
10197.pkl,0
10199.pkl,0
102.pkl,0
1020.pkl,1
10202.pkl,0
10203.pkl,0
10207.pkl,0
10209.pkl,0
10210.pkl,0
10212.pkl,0
10213.pkl,1
10214.pkl,0
10215.pkl,0
10216.pkl,0
10217.pkl,0
10218.pkl,0
10219.pkl,0
1022.pkl,0
10223.pkl,0
10225.pkl,0
10226.pkl,0
10227.pkl,0
10228.pkl,0
10229.pkl,0
1023.pkl,0
10231.pkl,0
10232.pkl,0
10239.pkl,0
1024.pkl,0
10240.pkl,0
10241.pkl,0
10243.pkl,0
10244.pkl,0
10247.pkl,0
10248.pkl,0
1025.pkl,0
10251.pkl,0
10256.pkl,0
10258.pkl,0
10260.pkl,0
10265.pkl,0
10266.pkl,0
10267.pkl,0
10270.pkl,0
10271.pkl,0
10273.pkl,0
10274.pkl,0
10275.pkl,0
10276.pkl,0
10277.pkl,0
10280.pkl,1
10282.pkl,0
10283.pkl,0
10284.pkl,0
10285.pkl,0
10289.pkl,1
10290.pkl,0
10294.pkl,0
10295.pkl,1
10296.pkl,0
10297.pkl,0
10298.pkl,0
10299.pkl,0
103.pkl,0
1030.pkl,1
10302.pkl,0
10303.pkl,0
10305.pkl,1
10307.pkl,0
10308.pkl,0
10309.pkl,0
10310.pkl,1
10311.pkl,0
10313.pkl,1
10315.pkl,0
10319.pkl,0
1032.pkl,0
10320.pkl,0
10321.pkl,0
10322.pkl,0
10324.pkl,0
10325.pkl,0
10326.pkl,0
1033.pkl,0
10332.pkl,0
10337.pkl,0
10338.pkl,1
1034.pkl,0
10342.pkl,0
10344.pkl,0
10345.pkl,0
10346.pkl,0
10347.pkl,0
10348.pkl,0
10349.pkl,0
10351.pkl,0
10352.pkl,0
10353.pkl,0
10354.pkl,0
10355.pkl,1
10360.pkl,0
10363.pkl,0
10364.pkl,0
10365.pkl,0
10366.pkl,0
10367.pkl,0
10372.pkl,0
10373.pkl,0
10374.pkl,0
10375.pkl,0
10376.pkl,0
10377.pkl,0
10384.pkl,0
10385.pkl,0
10387.pkl,0
10388.pkl,0
10389.pkl,0
1039.pkl,0
10390.pkl,0
10393.pkl,0
10394.pkl,0
10395.pkl,0
10398.pkl,0
10399.pkl,0
1040.pkl,0
10400.pkl,0
10402.pkl,0
10403.pkl,0
10404.pkl,0
10405.pkl,0
10406.pkl,0
10409.pkl,0
10411.pkl,0
10413.pkl,0
10414.pkl,0
10415.pkl,0
1042.pkl,0
10422.pkl,0
10424.pkl,0
10425.pkl,0
10427.pkl,0
10428.pkl,0
1043.pkl,0
10430.pkl,0
10431.pkl,0
10434.pkl,0
1044.pkl,0
10444.pkl,0
10445.pkl,0
10446.pkl,0
10447.pkl,0
10448.pkl,0
1045.pkl,0
10452.pkl,0
10453.pkl,0
10456.pkl,1
10462.pkl,1
10463.pkl,0
10465.pkl,0
10466.pkl,0
10469.pkl,0
1047.pkl,0
10470.pkl,0
10471.pkl,0
10473.pkl,0
10476.pkl,0
10478.pkl,1
10479.pkl,0
10480.pkl,0
10481.pkl,0
10482.pkl,0
10483.pkl,0
10484.pkl,0
10486.pkl,0
10488.pkl,1
10489.pkl,0
10490.pkl,0
10491.pkl,0
10492.pkl,0
10494.pkl,0
10495.pkl,0
10497.pkl,0
10499.pkl,0
1050.pkl,0
10500.pkl,0
10501.pkl,0
10506.pkl,0
10507.pkl,0
10508.pkl,0
10509.pkl,0
1051.pkl,0
10510.pkl,0
10512.pkl,0
10514.pkl,0
10516.pkl,0
10518.pkl,0
10519.pkl,0
1052.pkl,0
10520.pkl,0
10521.pkl,1
10522.pkl,0
10526.pkl,0
10527.pkl,0
1053.pkl,0
10533.pkl,0
10534.pkl,0
10536.pkl,0
10537.pkl,1
10539.pkl,0
1054.pkl,0
10540.pkl,0
10541.pkl,0
10542.pkl,0
10549.pkl,0
10552.pkl,0
10554.pkl,0
10555.pkl,0
10556.pkl,0
10557.pkl,0
10558.pkl,0
1056.pkl,0
10560.pkl,0
10561.pkl,0
10562.pkl,1
10565.pkl,0
10567.pkl,0
10568.pkl,0
10569.pkl,0
10570.pkl,0
10573.pkl,0
10576.pkl,1
10579.pkl,0
10580.pkl,0
10582.pkl,0
10585.pkl,0
10586.pkl,0
10588.pkl,0
10589.pkl,0
1059.pkl,0
10590.pkl,0
10592.pkl,0
10594.pkl,0
10595.pkl,0
10596.pkl,0
10597.pkl,0
1060.pkl,0
10602.pkl,0
10604.pkl,0
10605.pkl,0
10606.pkl,0
10607.pkl,0
10608.pkl,0
10609.pkl,0
10610.pkl,0
10611.pkl,0
10612.pkl,0
10617.pkl,0
10619.pkl,0
10621.pkl,0
10622.pkl,0
10624.pkl,1
10625.pkl,0
10626.pkl,0
10628.pkl,0
10630.pkl,0
10631.pkl,0
10632.pkl,1
10633.pkl,0
10634.pkl,0
10636.pkl,0
10637.pkl,0
10638.pkl,1
10640.pkl,0
10641.pkl,0
10646.pkl,0
10648.pkl,0
10650.pkl,0
10652.pkl,0
10653.pkl,0
10655.pkl,0
10656.pkl,0
10658.pkl,0
1066.pkl,0
10660.pkl,1
10662.pkl,0
10664.pkl,0
10666.pkl,0
10668.pkl,0
10669.pkl,0
1067.pkl,0
10670.pkl,0
10673.pkl,0
10676.pkl,1
10677.pkl,0
10678.pkl,0
10679.pkl,0
1068.pkl,0
10680.pkl,0
10681.pkl,1
10683.pkl,0
10688.pkl,0
10689.pkl,0
1069.pkl,0
10690.pkl,0
10693.pkl,0
10694.pkl,0
10696.pkl,0
10697.pkl,0
10699.pkl,0
1070.pkl,1
10700.pkl,0
10701.pkl,0
10702.pkl,0
10704.pkl,0
10707.pkl,0
10710.pkl,0
10711.pkl,0
10715.pkl,0
10717.pkl,0
10719.pkl,0
1072.pkl,0
10722.pkl,0
10724.pkl,0
10725.pkl,0
10726.pkl,0
10728.pkl,0
1073.pkl,0
10730.pkl,0
10732.pkl,0
10733.pkl,0
10734.pkl,0
10735.pkl,0
10739.pkl,0
10741.pkl,0
10744.pkl,0
10745.pkl,1
10746.pkl,0
10748.pkl,0
1075.pkl,0
10751.pkl,0
10752.pkl,0
10753.pkl,0
10754.pkl,0
10755.pkl,0
10756.pkl,0
10759.pkl,0
10761.pkl,0
10763.pkl,1
10764.pkl,1
10767.pkl,0
10768.pkl,1
10769.pkl,0
10770.pkl,1
10771.pkl,0
10772.pkl,0
10774.pkl,0
10776.pkl,0
10779.pkl,0
10780.pkl,1
10781.pkl,0
10784.pkl,0
10785.pkl,0
10786.pkl,0
10787.pkl,0
1079.pkl,0
10791.pkl,0
10792.pkl,0
10794.pkl,0
10797.pkl,0
10799.pkl,0
1080.pkl,1
10800.pkl,0
10801.pkl,0
10802.pkl,0
10803.pkl,0
10808.pkl,1
10809.pkl,0
10811.pkl,0
10812.pkl,0
10815.pkl,0
10816.pkl,0
10818.pkl,0
10819.pkl,0
1082.pkl,0
10821.pkl,0
10825.pkl,0
10826.pkl,0
10827.pkl,0
10829.pkl,0
1083.pkl,0
10830.pkl,1
10832.pkl,0
10834.pkl,0
10836.pkl,1
10837.pkl,0
10838.pkl,0
10840.pkl,0
10842.pkl,1
10844.pkl,0
10847.pkl,0
10848.pkl,0
10849.pkl,0
1085.pkl,0
10850.pkl,0
10851.pkl,0
10852.pkl,0
10853.pkl,0
10854.pkl,0
10855.pkl,0
10857.pkl,0
10858.pkl,0
10859.pkl,0
10860.pkl,0
10861.pkl,0
10863.pkl,0
10864.pkl,0
10868.pkl,0
1087.pkl,0
10870.pkl,0
10872.pkl,0
10873.pkl,0
10875.pkl,0
10878.pkl,0
10879.pkl,0
1088.pkl,0
10880.pkl,1
10881.pkl,0
10883.pkl,0
10884.pkl,0
10886.pkl,0
10887.pkl,0
10888.pkl,0
10889.pkl,0
1089.pkl,0
10896.pkl,1
10897.pkl,1
10899.pkl,0
109.pkl,1
10901.pkl,0
10903.pkl,0
10904.pkl,0
10905.pkl,1
10906.pkl,0
10908.pkl,0
10909.pkl,0
10911.pkl,0
10913.pkl,0
10914.pkl,0
10916.pkl,0
10919.pkl,0
1092.pkl,0
10920.pkl,0
10923.pkl,1
10927.pkl,0
1093.pkl,0
10932.pkl,0
10935.pkl,0
10937.pkl,1
10938.pkl,0
10939.pkl,0
1094.pkl,0
10940.pkl,0
10941.pkl,0
10943.pkl,0
10944.pkl,0
10946.pkl,0
10947.pkl,0
1095.pkl,0
10950.pkl,0
10951.pkl,0
10953.pkl,0
10959.pkl,1
10960.pkl,0
10961.pkl,0
10963.pkl,0
10966.pkl,0
10967.pkl,0
10968.pkl,0
10969.pkl,0
10971.pkl,0
10973.pkl,0
10978.pkl,0
10979.pkl,0
1098.pkl,0
10980.pkl,1
10981.pkl,0
10982.pkl,0
10983.pkl,0
10986.pkl,0
10987.pkl,0
10988.pkl,0
1099.pkl,0
10990.pkl,0
10991.pkl,1
10992.pkl,0
10994.pkl,0
10996.pkl,0
10997.pkl,0
10998.pkl,0
10999.pkl,0
11.pkl,0
1100.pkl,0
11001.pkl,0
11003.pkl,0
11008.pkl,1
11009.pkl,0
11010.pkl,0
11012.pkl,0
11013.pkl,0
11014.pkl,0
11015.pkl,0
11020.pkl,0
11021.pkl,0
11023.pkl,0
11026.pkl,0
11027.pkl,0
11028.pkl,0
11029.pkl,0
11030.pkl,1
11031.pkl,0
11035.pkl,0
11036.pkl,0
11038.pkl,0
11039.pkl,0
1104.pkl,0
11040.pkl,0
11041.pkl,0
11044.pkl,0
11045.pkl,0
11048.pkl,0
11049.pkl,0
1105.pkl,0
11051.pkl,0
11057.pkl,0
11061.pkl,0
11065.pkl,0
11069.pkl,0
1107.pkl,0
11070.pkl,0
11071.pkl,0
11076.pkl,0
11077.pkl,0
11078.pkl,0
1108.pkl,0
11081.pkl,0
11083.pkl,1
11084.pkl,0
11085.pkl,0
1109.pkl,0
11091.pkl,0
11094.pkl,0
11096.pkl,0
11098.pkl,1
111.pkl,0
1110.pkl,0
11101.pkl,0
11103.pkl,0
11104.pkl,0
11105.pkl,0
11107.pkl,0
11108.pkl,0
11110.pkl,0
11112.pkl,0
11114.pkl,0
11115.pkl,0
11118.pkl,0
1112.pkl,0
11120.pkl,0
11122.pkl,0
11123.pkl,0
11125.pkl,0
11128.pkl,1
11130.pkl,0
11131.pkl,0
11134.pkl,0
11135.pkl,0
11136.pkl,1
11137.pkl,0
11138.pkl,0
11139.pkl,0
11140.pkl,0
11144.pkl,0
11146.pkl,0
11147.pkl,0
1115.pkl,0
11150.pkl,0
11155.pkl,0
11156.pkl,0
11157.pkl,0
11159.pkl,0
11160.pkl,0
11161.pkl,0
11164.pkl,0
11165.pkl,0
11166.pkl,0
11167.pkl,0
11168.pkl,0
1117.pkl,0
11171.pkl,0
11172.pkl,0
11174.pkl,0
11175.pkl,0
11176.pkl,0
11178.pkl,0
11179.pkl,0
11180.pkl,0
11184.pkl,1
11185.pkl,0
11187.pkl,0
1119.pkl,1
11191.pkl,0
11192.pkl,0
11194.pkl,0
11195.pkl,0
11197.pkl,0
11198.pkl,0
11199.pkl,0
112.pkl,0
1120.pkl,0
11200.pkl,0
11201.pkl,0
11202.pkl,0
11203.pkl,0
11206.pkl,0
11208.pkl,0
1121.pkl,0
11210.pkl,0
11213.pkl,0
11215.pkl,0
11217.pkl,0
11218.pkl,0
11219.pkl,0
11221.pkl,0
11225.pkl,0
11226.pkl,0
1123.pkl,0
11231.pkl,0
1125.pkl,0
1126.pkl,0
1127.pkl,1
1129.pkl,0
1131.pkl,0
1132.pkl,0
1136.pkl,0
1137.pkl,0
1138.pkl,0
114.pkl,1
1140.pkl,0
1142.pkl,0
1143.pkl,0
1144.pkl,0
1145.pkl,0
1148.pkl,0
115.pkl,0
1150.pkl,1
1152.pkl,0
1154.pkl,0
1155.pkl,0
1156.pkl,0
116.pkl,0
1160.pkl,0
1162.pkl,0
1164.pkl,0
1165.pkl,1
1166.pkl,0
1167.pkl,0
1169.pkl,0
117.pkl,0
1171.pkl,0
1172.pkl,0
1173.pkl,0
1177.pkl,0
1179.pkl,0
118.pkl,0
1180.pkl,0
1185.pkl,0
1186.pkl,0
1189.pkl,0
1190.pkl,0
1191.pkl,0
1193.pkl,0
1194.pkl,0
1195.pkl,0
1196.pkl,0
1197.pkl,0
1198.pkl,0
1199.pkl,0
12.pkl,0
120.pkl,0
1200.pkl,0
1201.pkl,0
1202.pkl,0
1203.pkl,1
1207.pkl,0
1209.pkl,0
1210.pkl,1
1214.pkl,0
1216.pkl,0
1218.pkl,0
1219.pkl,0
1223.pkl,0
1226.pkl,0
1228.pkl,0
1229.pkl,0
123.pkl,0
1231.pkl,0
1232.pkl,1
1233.pkl,0
1234.pkl,0
1238.pkl,0
124.pkl,0
1240.pkl,0
1241.pkl,0
1242.pkl,0
1243.pkl,0
1245.pkl,0
1247.pkl,0
1249.pkl,0
1250.pkl,1
1251.pkl,0
1252.pkl,1
1253.pkl,0
1254.pkl,1
1257.pkl,0
1258.pkl,0
1259.pkl,0
126.pkl,0
1260.pkl,0
1262.pkl,0
1263.pkl,0
1267.pkl,0
1269.pkl,0
127.pkl,0
1270.pkl,0
1271.pkl,1
1272.pkl,0
1274.pkl,0
1275.pkl,0
1276.pkl,0
1277.pkl,0
1279.pkl,0
1281.pkl,0
1284.pkl,0
1286.pkl,1
1287.pkl,0
1289.pkl,0
129.pkl,0
1291.pkl,0
1293.pkl,0
1296.pkl,0
1297.pkl,0
1298.pkl,0
1299.pkl,0
13.pkl,0
1300.pkl,0
1301.pkl,0
1303.pkl,0
1304.pkl,0
1306.pkl,0
1309.pkl,0
131.pkl,0
1310.pkl,0
1313.pkl,0
1314.pkl,0
1315.pkl,0
1317.pkl,0
1318.pkl,0
1319.pkl,0
1320.pkl,0
1322.pkl,0
1325.pkl,0
1328.pkl,0
1329.pkl,0
1330.pkl,0
1332.pkl,0
1333.pkl,0
1335.pkl,0
1336.pkl,0
1339.pkl,1
134.pkl,0
1342.pkl,1
1344.pkl,0
1346.pkl,0
1347.pkl,0
1348.pkl,0
1350.pkl,0
1351.pkl,0
1353.pkl,0
1357.pkl,0
1358.pkl,0
136.pkl,0
1365.pkl,0
1369.pkl,0
137.pkl,0
1371.pkl,0
1372.pkl,0
1377.pkl,0
138.pkl,0
1381.pkl,1
1384.pkl,0
1386.pkl,0
1387.pkl,0
1389.pkl,0
139.pkl,0
1390.pkl,1
1392.pkl,1
1393.pkl,0
1395.pkl,0
1396.pkl,0
1398.pkl,0
14.pkl,0
1400.pkl,0
1402.pkl,0
1403.pkl,0
1404.pkl,0
1408.pkl,0
1409.pkl,0
1410.pkl,0
1411.pkl,0
1412.pkl,0
1415.pkl,0
1417.pkl,0
1418.pkl,0
1419.pkl,0
142.pkl,0
1422.pkl,1
1423.pkl,0
1424.pkl,0
1425.pkl,0
1426.pkl,0
1430.pkl,0
1431.pkl,0
1432.pkl,0
1437.pkl,0
1438.pkl,0
144.pkl,0
1441.pkl,0
1442.pkl,0
1443.pkl,0
1444.pkl,0
1445.pkl,1
1450.pkl,0
1451.pkl,0
1452.pkl,0
1453.pkl,0
1454.pkl,0
1458.pkl,1
146.pkl,0
1460.pkl,0
1461.pkl,0
1464.pkl,0
1465.pkl,0
1469.pkl,0
147.pkl,0
1470.pkl,0
1474.pkl,0
1475.pkl,0
1476.pkl,1
1477.pkl,0
148.pkl,0
1483.pkl,0
1484.pkl,0
1485.pkl,0
1486.pkl,0
1487.pkl,0
1489.pkl,0
149.pkl,0
1490.pkl,0
1491.pkl,0
1492.pkl,0
1493.pkl,0
1494.pkl,1
1496.pkl,0
1497.pkl,0
1498.pkl,0
15.pkl,0
150.pkl,0
1500.pkl,1
1501.pkl,1
1506.pkl,0
1507.pkl,0
1510.pkl,0
1511.pkl,0
1514.pkl,0
1519.pkl,0
1520.pkl,0
1524.pkl,0
1525.pkl,0
1526.pkl,0
1529.pkl,0
1530.pkl,0
1532.pkl,0
1533.pkl,0
1535.pkl,0
1536.pkl,1
1539.pkl,0
1540.pkl,0
1541.pkl,0
1543.pkl,0
1546.pkl,0
1547.pkl,0
1550.pkl,0
1552.pkl,0
1554.pkl,0
1557.pkl,0
1558.pkl,0
1560.pkl,0
1561.pkl,0
1563.pkl,0
1567.pkl,0
1570.pkl,0
1571.pkl,0
1572.pkl,0
1573.pkl,0
1575.pkl,0
1576.pkl,0
1577.pkl,0
1579.pkl,0
158.pkl,0
1581.pkl,1
1582.pkl,0
1584.pkl,0
1586.pkl,1
1589.pkl,0
1590.pkl,0
1592.pkl,0
1593.pkl,0
1594.pkl,0
1595.pkl,0
1597.pkl,0
1599.pkl,0
160.pkl,0
1601.pkl,0
1602.pkl,0
1604.pkl,0
1605.pkl,0
1607.pkl,0
1608.pkl,0
1609.pkl,0
161.pkl,0
1610.pkl,0
1612.pkl,1
1613.pkl,0
1614.pkl,0
1615.pkl,0
162.pkl,0
1621.pkl,0
1623.pkl,0
1625.pkl,0
1626.pkl,0
1627.pkl,0
1628.pkl,0
163.pkl,0
1630.pkl,0
1635.pkl,1
1636.pkl,0
1638.pkl,1
1643.pkl,0
1645.pkl,0
1647.pkl,1
1648.pkl,0
165.pkl,0
1650.pkl,0
1651.pkl,0
1653.pkl,0
1655.pkl,0
1656.pkl,0
1658.pkl,0
1659.pkl,0
1662.pkl,0
1663.pkl,0
1665.pkl,0
1668.pkl,0
1669.pkl,0
1672.pkl,0
1673.pkl,0
1676.pkl,0
1677.pkl,0
1678.pkl,0
1680.pkl,0
1681.pkl,0
1683.pkl,0
1685.pkl,0
1686.pkl,0
1687.pkl,0
169.pkl,0
1690.pkl,0
1692.pkl,0
1695.pkl,0
1696.pkl,0
1699.pkl,0
170.pkl,0
1701.pkl,0
1702.pkl,0
1703.pkl,0
1704.pkl,0
1705.pkl,0
1706.pkl,0
1708.pkl,0
1709.pkl,0
1712.pkl,0
1713.pkl,0
1714.pkl,0
1716.pkl,0
1717.pkl,0
1720.pkl,0
1723.pkl,0
1726.pkl,0
1728.pkl,0
1729.pkl,0
1732.pkl,0
1733.pkl,0
1735.pkl,0
1736.pkl,0
1739.pkl,0
1742.pkl,0
1746.pkl,0
1747.pkl,0
175.pkl,0
1751.pkl,0
1753.pkl,0
1755.pkl,0
1756.pkl,0
1757.pkl,0
1758.pkl,0
1759.pkl,1
1760.pkl,0
1761.pkl,0
1762.pkl,1
1763.pkl,0
1764.pkl,0
1765.pkl,0
1766.pkl,0
1768.pkl,0
1769.pkl,1
177.pkl,1
178.pkl,0
1781.pkl,0
1783.pkl,0
1784.pkl,0
1785.pkl,0
1786.pkl,0
1787.pkl,0
1791.pkl,0
1792.pkl,0
1795.pkl,0
1796.pkl,0
1797.pkl,0
1799.pkl,0
18.pkl,0
180.pkl,0
1800.pkl,0
1804.pkl,0
1805.pkl,0
1806.pkl,0
1807.pkl,0
1808.pkl,0
1810.pkl,0
1812.pkl,0
1813.pkl,0
1815.pkl,0
1818.pkl,1
182.pkl,0
1820.pkl,0
1821.pkl,0
1822.pkl,0
1823.pkl,0
1825.pkl,0
1827.pkl,0
1828.pkl,0
1830.pkl,0
1831.pkl,0
1832.pkl,0
1834.pkl,0
1836.pkl,0
1837.pkl,0
1840.pkl,1
1842.pkl,0
1847.pkl,0
1848.pkl,0
1851.pkl,0
1853.pkl,0
1858.pkl,0
1859.pkl,0
1862.pkl,0
1863.pkl,0
1864.pkl,0
1866.pkl,0
1867.pkl,0
1869.pkl,0
187.pkl,0
1871.pkl,0
1872.pkl,0
1876.pkl,0
1877.pkl,0
1879.pkl,0
188.pkl,0
1880.pkl,0
1881.pkl,0
1882.pkl,0
1883.pkl,0
1886.pkl,0
1888.pkl,0
1889.pkl,0
1890.pkl,0
1892.pkl,0
1893.pkl,0
1895.pkl,0
1897.pkl,0
1898.pkl,0
1899.pkl,0
19.pkl,1
190.pkl,0
1904.pkl,0
1905.pkl,0
1909.pkl,0
1910.pkl,1
1912.pkl,0
1914.pkl,0
1915.pkl,0
1916.pkl,0
1917.pkl,0
1918.pkl,0
1919.pkl,0
1923.pkl,0
1924.pkl,0
1926.pkl,0
1929.pkl,0
1930.pkl,0
1932.pkl,0
1934.pkl,0
1935.pkl,0
1937.pkl,0
1938.pkl,0
1939.pkl,1
194.pkl,1
1941.pkl,0
1942.pkl,0
1945.pkl,0
1947.pkl,0
1948.pkl,0
195.pkl,0
1951.pkl,0
1957.pkl,0
1962.pkl,0
1963.pkl,1
1969.pkl,0
197.pkl,0
1972.pkl,0
1973.pkl,0
1974.pkl,0
1975.pkl,0
1976.pkl,1
1978.pkl,0
1980.pkl,0
1981.pkl,0
1982.pkl,0
1985.pkl,0
1989.pkl,0
199.pkl,0
1990.pkl,0
1991.pkl,0
1992.pkl,0
1994.pkl,0
1995.pkl,0
1997.pkl,0
1999.pkl,0
2.pkl,0
200.pkl,0
2000.pkl,0
2003.pkl,0
2005.pkl,0
2006.pkl,0
2009.pkl,0
201.pkl,0
2012.pkl,0
2014.pkl,0
2015.pkl,0
2019.pkl,0
2020.pkl,0
2022.pkl,0
2023.pkl,0
2024.pkl,1
2025.pkl,1
2027.pkl,0
2031.pkl,0
2032.pkl,0
2034.pkl,0
2036.pkl,0
2038.pkl,0
204.pkl,0
2042.pkl,1
2043.pkl,0
2045.pkl,0
2046.pkl,0
2047.pkl,0
205.pkl,0
2057.pkl,0
2058.pkl,0
206.pkl,0
2060.pkl,0
2062.pkl,0
2063.pkl,0
2064.pkl,0
2065.pkl,0
2066.pkl,0
2068.pkl,0
207.pkl,0
2070.pkl,0
2071.pkl,0
2074.pkl,0
2075.pkl,0
2079.pkl,0
2080.pkl,0
2081.pkl,0
2084.pkl,0
2086.pkl,0
2089.pkl,0
2090.pkl,0
2091.pkl,0
2093.pkl,0
2095.pkl,0
2097.pkl,0
2099.pkl,0
210.pkl,0
2103.pkl,0
2106.pkl,0
2107.pkl,0
2109.pkl,0
2110.pkl,0
2111.pkl,0
2112.pkl,0
2113.pkl,0
2114.pkl,0
2115.pkl,0
2116.pkl,0
2118.pkl,1
2120.pkl,0
2121.pkl,1
2123.pkl,0
2125.pkl,0
2126.pkl,0
2127.pkl,0
2128.pkl,0
2129.pkl,1
213.pkl,0
2131.pkl,0
2132.pkl,0
2133.pkl,0
2134.pkl,0
2137.pkl,0
2139.pkl,0
214.pkl,0
2140.pkl,1
2142.pkl,0
2143.pkl,0
2146.pkl,0
2149.pkl,1
215.pkl,0
2150.pkl,0
2151.pkl,0
2152.pkl,0
2153.pkl,0
2154.pkl,1
2155.pkl,0
2158.pkl,0
216.pkl,0
2160.pkl,0
2161.pkl,0
2163.pkl,0
2164.pkl,0
2165.pkl,0
2166.pkl,1
2167.pkl,0
2168.pkl,1
2169.pkl,0
217.pkl,0
2170.pkl,0
2171.pkl,1
2176.pkl,0
2177.pkl,0
2179.pkl,0
218.pkl,0
2180.pkl,0
2181.pkl,0
2184.pkl,0
2187.pkl,0
2188.pkl,0
2189.pkl,0
219.pkl,0
2190.pkl,0
2191.pkl,0
2195.pkl,0
2199.pkl,0
220.pkl,0
2200.pkl,0
2203.pkl,0
2204.pkl,0
2205.pkl,0
2206.pkl,0
2207.pkl,0
2209.pkl,0
221.pkl,0
2213.pkl,1
2214.pkl,1
2215.pkl,0
2216.pkl,0
2217.pkl,0
2218.pkl,0
2219.pkl,1
2220.pkl,1
2221.pkl,0
2222.pkl,1
2224.pkl,0
2225.pkl,0
2229.pkl,0
223.pkl,0
2230.pkl,0
2232.pkl,0
2233.pkl,0
2235.pkl,0
2238.pkl,0
2240.pkl,0
2241.pkl,0
2242.pkl,0
2245.pkl,0
2246.pkl,0
2247.pkl,0
2248.pkl,0
2250.pkl,0
2252.pkl,0
2253.pkl,0
2254.pkl,0
2257.pkl,0
2260.pkl,0
2261.pkl,0
2262.pkl,0
2263.pkl,0
2268.pkl,0
227.pkl,0
2270.pkl,0
2271.pkl,0
2275.pkl,1
2277.pkl,0
2278.pkl,0
2279.pkl,0
2284.pkl,0
2285.pkl,0
2286.pkl,0
2287.pkl,0
2289.pkl,0
229.pkl,0
2291.pkl,0
2292.pkl,0
2297.pkl,0
2298.pkl,0
23.pkl,0
230.pkl,1
2302.pkl,0
2303.pkl,0
2304.pkl,0
2305.pkl,0
2306.pkl,0
2307.pkl,0
231.pkl,0
2312.pkl,0
2313.pkl,0
2314.pkl,0
2316.pkl,0
2319.pkl,0
2320.pkl,0
2324.pkl,0
2325.pkl,0
2327.pkl,0
2329.pkl,0
233.pkl,0
2331.pkl,0
2333.pkl,0
2334.pkl,0
2336.pkl,0
2338.pkl,0
2341.pkl,0
2342.pkl,0
2343.pkl,0
2346.pkl,0
2347.pkl,0
2348.pkl,0
2349.pkl,0
2351.pkl,0
2352.pkl,0
2353.pkl,0
2354.pkl,0
2355.pkl,0
2356.pkl,0
2357.pkl,0
2360.pkl,1
2362.pkl,0
2364.pkl,1
237.pkl,0
2370.pkl,0
2372.pkl,0
2374.pkl,0
2375.pkl,0
2377.pkl,1
2378.pkl,0
2379.pkl,0
238.pkl,0
2380.pkl,0
2381.pkl,0
2386.pkl,0
2388.pkl,0
2390.pkl,0
2391.pkl,0
2392.pkl,0
2393.pkl,0
2394.pkl,0
2396.pkl,0
2398.pkl,0
2399.pkl,0
24.pkl,0
2400.pkl,0
2401.pkl,0
2402.pkl,0
2403.pkl,0
2404.pkl,0
2406.pkl,0
2408.pkl,0
2409.pkl,0
2410.pkl,0
2414.pkl,0
2416.pkl,0
2417.pkl,0
2418.pkl,0
2419.pkl,0
242.pkl,0
2420.pkl,0
2424.pkl,0
2425.pkl,0
2428.pkl,0
2430.pkl,0
2431.pkl,0
2434.pkl,1
2435.pkl,0
2436.pkl,0
2437.pkl,0
2439.pkl,1
244.pkl,0
2441.pkl,0
2442.pkl,0
2443.pkl,0
2444.pkl,0
2447.pkl,0
2451.pkl,0
2452.pkl,0
2453.pkl,0
2454.pkl,0
2455.pkl,0
2457.pkl,0
2460.pkl,0
2462.pkl,0
2463.pkl,0
2464.pkl,0
2469.pkl,1
2471.pkl,0
2472.pkl,0
2474.pkl,0
2476.pkl,0
2477.pkl,0
248.pkl,0
2481.pkl,0
2484.pkl,0
2488.pkl,0
2489.pkl,0
2491.pkl,0
2493.pkl,0
2494.pkl,0
2499.pkl,0
25.pkl,0
2502.pkl,0
2503.pkl,0
2507.pkl,0
2508.pkl,0
2509.pkl,0
251.pkl,0
2511.pkl,0
2512.pkl,0
2513.pkl,0
2516.pkl,0
2517.pkl,0
2518.pkl,0
2519.pkl,0
252.pkl,0
2520.pkl,0
2521.pkl,0
2522.pkl,0
2523.pkl,0
2525.pkl,0
2529.pkl,0
2531.pkl,1
2532.pkl,0
2534.pkl,1
2536.pkl,0
2537.pkl,0
2538.pkl,0
2540.pkl,0
2541.pkl,1
2546.pkl,0
2548.pkl,0
2549.pkl,0
255.pkl,0
2551.pkl,0
2553.pkl,0
2554.pkl,0
2560.pkl,0
2561.pkl,0
2565.pkl,0
2566.pkl,0
2567.pkl,0
2568.pkl,0
257.pkl,0
2570.pkl,0
2571.pkl,0
2573.pkl,0
2575.pkl,0
2577.pkl,0
2578.pkl,0
258.pkl,0
2582.pkl,0
2583.pkl,0
2584.pkl,1
2585.pkl,0
2586.pkl,0
2590.pkl,0
2591.pkl,0
2593.pkl,0
2594.pkl,0
2595.pkl,0
2597.pkl,0
2598.pkl,0
2599.pkl,0
26.pkl,0
260.pkl,0
2600.pkl,0
2601.pkl,0
2602.pkl,0
2604.pkl,0
2605.pkl,1
2606.pkl,0
2607.pkl,1
2608.pkl,0
2609.pkl,0
2610.pkl,0
2611.pkl,0
2615.pkl,0
2616.pkl,0
2617.pkl,0
2619.pkl,0
2620.pkl,0
2624.pkl,0
2626.pkl,0
2627.pkl,0
2628.pkl,0
2629.pkl,0
263.pkl,0
2630.pkl,0
2631.pkl,0
2633.pkl,0
2635.pkl,0
2636.pkl,0
2637.pkl,0
264.pkl,0
2641.pkl,1
2642.pkl,0
2643.pkl,0
2645.pkl,0
2646.pkl,0
2649.pkl,0
2650.pkl,0
2651.pkl,0
2653.pkl,0
2656.pkl,0
2659.pkl,0
266.pkl,0
2662.pkl,0
2663.pkl,0
2665.pkl,0
2668.pkl,0
2669.pkl,0
2670.pkl,0
2672.pkl,0
2673.pkl,0
2676.pkl,0
2680.pkl,0
2681.pkl,0
2682.pkl,0
2685.pkl,0
2687.pkl,0
2688.pkl,0
2689.pkl,0
269.pkl,0
2690.pkl,0
2691.pkl,0
2692.pkl,0
2695.pkl,0
2697.pkl,0
2698.pkl,0
2699.pkl,0
27.pkl,0
2701.pkl,0
2702.pkl,0
2703.pkl,0
2706.pkl,0
2707.pkl,0
2708.pkl,1
2709.pkl,0
2710.pkl,0
2711.pkl,0
2712.pkl,0
2713.pkl,0
2715.pkl,0
2717.pkl,0
2721.pkl,0
2723.pkl,1
2728.pkl,0
2729.pkl,0
2730.pkl,0
2731.pkl,0
2732.pkl,0
2733.pkl,0
2734.pkl,0
2739.pkl,0
2741.pkl,0
2744.pkl,0
2745.pkl,0
2746.pkl,1
2747.pkl,0
2750.pkl,0
2751.pkl,0
2754.pkl,1
2755.pkl,0
2756.pkl,0
2757.pkl,0
276.pkl,0
2761.pkl,0
2763.pkl,0
2764.pkl,0
2765.pkl,0
2766.pkl,0
2767.pkl,0
2768.pkl,0
2771.pkl,0
2773.pkl,1
2774.pkl,0
2777.pkl,0
2781.pkl,0
2782.pkl,0
2784.pkl,0
2785.pkl,0
2786.pkl,0
2788.pkl,0
279.pkl,0
2794.pkl,0
2795.pkl,0
2796.pkl,0
2797.pkl,0
28.pkl,0
2802.pkl,0
2803.pkl,0
2806.pkl,0
2807.pkl,0
2808.pkl,1
2809.pkl,0
281.pkl,0
2812.pkl,0
2813.pkl,0
2814.pkl,0
2816.pkl,0
2817.pkl,0
2818.pkl,1
2820.pkl,0
2822.pkl,0
2823.pkl,1
2825.pkl,0
2826.pkl,0
2828.pkl,0
2829.pkl,0
2831.pkl,0
2833.pkl,0
2834.pkl,1
2837.pkl,1
2838.pkl,0
284.pkl,0
2840.pkl,0
2843.pkl,0
2844.pkl,1
2845.pkl,0
2846.pkl,0
285.pkl,0
2852.pkl,0
2853.pkl,0
2855.pkl,0
2856.pkl,0
2857.pkl,0
2859.pkl,0
286.pkl,0
2861.pkl,0
2864.pkl,0
2867.pkl,0
2868.pkl,0
2869.pkl,0
2871.pkl,0
2872.pkl,0
2875.pkl,0
2877.pkl,0
2878.pkl,0
2879.pkl,0
288.pkl,0
2880.pkl,1
2881.pkl,0
2884.pkl,0
2886.pkl,0
2888.pkl,0
2889.pkl,0
289.pkl,0
2890.pkl,0
2891.pkl,0
2892.pkl,0
2893.pkl,0
2895.pkl,1
2896.pkl,0
2898.pkl,0
29.pkl,0
290.pkl,0
2902.pkl,0
2903.pkl,1
2904.pkl,1
2905.pkl,0
2906.pkl,0
2908.pkl,0
2909.pkl,0
291.pkl,0
2912.pkl,0
2917.pkl,0
2924.pkl,0
2925.pkl,0
2926.pkl,0
2929.pkl,0
2931.pkl,0
2932.pkl,0
2933.pkl,0
2934.pkl,0
2936.pkl,0
2937.pkl,0
2939.pkl,0
294.pkl,0
2941.pkl,0
2945.pkl,0
2946.pkl,0
2947.pkl,0
2949.pkl,0
2950.pkl,0
2952.pkl,0
2953.pkl,0
296.pkl,0
2962.pkl,0
2963.pkl,0
2964.pkl,0
2967.pkl,0
297.pkl,0
2972.pkl,0
2975.pkl,0
2976.pkl,0
2980.pkl,0
2981.pkl,0
2982.pkl,0
2984.pkl,0
2985.pkl,0
2988.pkl,0
2989.pkl,0
299.pkl,1
2991.pkl,0
2993.pkl,0
2994.pkl,0
2995.pkl,1
2999.pkl,1
3.pkl,0
30.pkl,0
300.pkl,0
3000.pkl,0
3001.pkl,0
3006.pkl,0
3008.pkl,0
3009.pkl,0
3010.pkl,0
3011.pkl,1
3012.pkl,0
3013.pkl,0
3015.pkl,0
3016.pkl,0
3017.pkl,0
3018.pkl,0
3024.pkl,0
3028.pkl,0
303.pkl,0
3030.pkl,0
3031.pkl,0
3033.pkl,1
3037.pkl,0
3038.pkl,0
3042.pkl,0
3044.pkl,0
3050.pkl,0
3053.pkl,0
3054.pkl,0
3056.pkl,0
3058.pkl,0
3061.pkl,0
3063.pkl,0
3065.pkl,0
3066.pkl,0
3067.pkl,0
307.pkl,0
3071.pkl,0
3073.pkl,1
3076.pkl,0
3077.pkl,0
3079.pkl,1
3080.pkl,0
3081.pkl,0
3082.pkl,0
3083.pkl,0
3085.pkl,1
3086.pkl,0
3087.pkl,0
3088.pkl,0
3089.pkl,0
309.pkl,0
3090.pkl,0
3091.pkl,0
3095.pkl,0
3096.pkl,0
3099.pkl,0
3100.pkl,0
3102.pkl,0
3103.pkl,0
3105.pkl,0
3106.pkl,0
3109.pkl,0
311.pkl,0
3115.pkl,0
3117.pkl,0
3118.pkl,0
3119.pkl,0
3120.pkl,0
3121.pkl,0
3122.pkl,0
3126.pkl,0
3129.pkl,0
3131.pkl,0
3133.pkl,0
3134.pkl,0
3136.pkl,0
3139.pkl,0
3140.pkl,0
3144.pkl,0
3145.pkl,0
3146.pkl,0
3147.pkl,0
315.pkl,0
3153.pkl,0
3157.pkl,0
3158.pkl,1
3159.pkl,0
3160.pkl,0
3162.pkl,0
3164.pkl,0
3166.pkl,0
3167.pkl,0
3169.pkl,0
317.pkl,0
3171.pkl,1
3173.pkl,0
3174.pkl,0
3175.pkl,0
3176.pkl,0
3177.pkl,0
3178.pkl,0
3179.pkl,0
318.pkl,0
3180.pkl,0
3183.pkl,1
3187.pkl,0
3189.pkl,0
319.pkl,0
3196.pkl,0
3199.pkl,0
32.pkl,0
3200.pkl,0
3202.pkl,0
3203.pkl,0
3207.pkl,0
321.pkl,0
3210.pkl,0
3211.pkl,1
3212.pkl,0
3213.pkl,0
3216.pkl,0
3217.pkl,0
3219.pkl,0
3220.pkl,1
3224.pkl,0
3227.pkl,0
323.pkl,0
3230.pkl,0
3231.pkl,0
3234.pkl,0
3235.pkl,0
3236.pkl,0
3237.pkl,0
3238.pkl,1
3239.pkl,0
3241.pkl,0
3243.pkl,0
3244.pkl,0
3245.pkl,0
3246.pkl,0
3247.pkl,0
325.pkl,0
3253.pkl,0
3256.pkl,0
3258.pkl,0
3259.pkl,0
3260.pkl,0
3261.pkl,0
3263.pkl,0
3264.pkl,0
3266.pkl,0
3267.pkl,0
327.pkl,0
3271.pkl,0
3272.pkl,0
3273.pkl,0
3276.pkl,0
3277.pkl,0
3278.pkl,0
3279.pkl,0
328.pkl,0
3280.pkl,0
3281.pkl,0
3282.pkl,0
3283.pkl,0
3286.pkl,1
3287.pkl,0
3289.pkl,0
329.pkl,0
3293.pkl,0
3294.pkl,0
3295.pkl,0
3296.pkl,0
3299.pkl,0
33.pkl,0
3301.pkl,0
3302.pkl,0
3304.pkl,0
3306.pkl,1
3307.pkl,0
3314.pkl,1
3315.pkl,0
3317.pkl,0
3318.pkl,1
3319.pkl,0
3320.pkl,1
3321.pkl,0
3327.pkl,0
3328.pkl,0
333.pkl,0
3332.pkl,0
3333.pkl,0
3334.pkl,0
3335.pkl,0
3338.pkl,0
3339.pkl,0
334.pkl,0
3340.pkl,0
3341.pkl,0
3342.pkl,0
3346.pkl,0
335.pkl,0
3350.pkl,0
3352.pkl,1
3353.pkl,0
3355.pkl,0
3357.pkl,0
3358.pkl,0
3359.pkl,0
3360.pkl,0
3365.pkl,0
3366.pkl,0
3367.pkl,0
3369.pkl,0
337.pkl,0
3370.pkl,0
3373.pkl,0
3375.pkl,0
3377.pkl,0
3378.pkl,0
3379.pkl,1
338.pkl,0
3382.pkl,0
3383.pkl,0
3384.pkl,0
3385.pkl,0
3387.pkl,0
3388.pkl,0
3389.pkl,0
339.pkl,0
3390.pkl,0
3391.pkl,0
3392.pkl,0
3393.pkl,0
3394.pkl,0
3396.pkl,0
3399.pkl,0
3401.pkl,0
3404.pkl,0
3409.pkl,0
3410.pkl,0
3411.pkl,1
3414.pkl,0
3415.pkl,0
3417.pkl,0
342.pkl,0
3423.pkl,0
3424.pkl,0
3425.pkl,0
3426.pkl,0
3428.pkl,0
3429.pkl,1
343.pkl,0
3430.pkl,0
3432.pkl,0
3434.pkl,1
3435.pkl,0
3436.pkl,0
3438.pkl,0
3440.pkl,0
3444.pkl,0
3445.pkl,0
3447.pkl,0
3448.pkl,0
3449.pkl,0
345.pkl,0
3450.pkl,0
3451.pkl,0
3452.pkl,0
3457.pkl,0
3459.pkl,0
3460.pkl,0
3461.pkl,0
3462.pkl,0
3464.pkl,0
3465.pkl,0
3468.pkl,0
3470.pkl,0
3474.pkl,0
3475.pkl,0
3476.pkl,0
3478.pkl,1
3484.pkl,1
3485.pkl,0
3486.pkl,0
3495.pkl,0
3498.pkl,0
3499.pkl,0
35.pkl,0
3500.pkl,0
3501.pkl,0
3503.pkl,0
3505.pkl,0
3507.pkl,0
3508.pkl,0
3509.pkl,0
351.pkl,0
3513.pkl,0
3514.pkl,0
3515.pkl,0
3519.pkl,0
352.pkl,0
3520.pkl,0
3521.pkl,0
3522.pkl,0
3523.pkl,0
3525.pkl,0
3526.pkl,0
3527.pkl,0
353.pkl,0
3531.pkl,0
3536.pkl,0
3537.pkl,0
3538.pkl,0
3539.pkl,0
354.pkl,0
3541.pkl,0
3543.pkl,0
3545.pkl,0
3546.pkl,0
355.pkl,0
3550.pkl,0
3551.pkl,0
3552.pkl,0
3558.pkl,0
356.pkl,0
3560.pkl,0
3561.pkl,0
3566.pkl,0
3567.pkl,0
3569.pkl,0
3570.pkl,0
3572.pkl,0
3574.pkl,0
3576.pkl,0
3578.pkl,0
3579.pkl,0
3584.pkl,0
3585.pkl,0
3587.pkl,0
3589.pkl,0
3590.pkl,0
3591.pkl,0
3594.pkl,0
3595.pkl,0
3596.pkl,0
3598.pkl,0
3602.pkl,0
3603.pkl,0
3606.pkl,0
3607.pkl,0
3608.pkl,0
3609.pkl,0
361.pkl,0
3612.pkl,0
3615.pkl,0
3617.pkl,0
3618.pkl,1
3619.pkl,0
362.pkl,0
3622.pkl,0
3623.pkl,0
3625.pkl,0
3626.pkl,0
3627.pkl,0
3628.pkl,0
3629.pkl,0
363.pkl,0
3630.pkl,1
3634.pkl,0
3635.pkl,0
3636.pkl,1
3638.pkl,0
3639.pkl,0
364.pkl,0
3641.pkl,0
3645.pkl,0
3646.pkl,1
3647.pkl,0
3648.pkl,0
3650.pkl,0
3651.pkl,0
3652.pkl,0
3653.pkl,0
3654.pkl,0
3655.pkl,0
3661.pkl,0
3666.pkl,0
3667.pkl,0
3670.pkl,0
3671.pkl,0
3673.pkl,0
3674.pkl,0
3675.pkl,0
3676.pkl,0
3677.pkl,0
3679.pkl,0
3681.pkl,0
3683.pkl,1
3684.pkl,1
3685.pkl,0
3686.pkl,0
3687.pkl,0
3688.pkl,0
3689.pkl,0
3690.pkl,0
3694.pkl,0
3695.pkl,0
3696.pkl,1
3697.pkl,0
3698.pkl,0
3699.pkl,0
3701.pkl,0
3707.pkl,0
3708.pkl,0
3710.pkl,0
3712.pkl,0
3713.pkl,0
3714.pkl,0
3716.pkl,0
3717.pkl,0
3718.pkl,0
372.pkl,0
3720.pkl,0
3722.pkl,0
3723.pkl,0
3724.pkl,0
3725.pkl,0
3727.pkl,0
3728.pkl,0
373.pkl,0
3732.pkl,0
3733.pkl,1
3734.pkl,0
3735.pkl,0
3736.pkl,0
3739.pkl,0
3740.pkl,0
3741.pkl,0
3742.pkl,0
3745.pkl,0
3746.pkl,0
3748.pkl,0
3749.pkl,0
375.pkl,0
3750.pkl,1
3752.pkl,1
3757.pkl,0
3758.pkl,0
3759.pkl,0
3762.pkl,0
3764.pkl,0
3765.pkl,0
3766.pkl,0
377.pkl,0
3770.pkl,0
3772.pkl,1
3773.pkl,1
3775.pkl,0
3778.pkl,0
3779.pkl,0
3780.pkl,0
3782.pkl,0
3783.pkl,0
3784.pkl,0
3786.pkl,0
3787.pkl,0
3788.pkl,0
3789.pkl,0
379.pkl,0
3792.pkl,0
3794.pkl,1
3795.pkl,0
3796.pkl,0
3797.pkl,0
3798.pkl,0
3799.pkl,0
38.pkl,0
3800.pkl,0
3802.pkl,0
3803.pkl,0
3804.pkl,0
3809.pkl,1
3811.pkl,0
3813.pkl,0
3814.pkl,0
382.pkl,0
3821.pkl,0
3822.pkl,0
3825.pkl,0
3826.pkl,0
3829.pkl,0
383.pkl,0
3832.pkl,0
3833.pkl,0
3835.pkl,0
3836.pkl,0
3837.pkl,0
3838.pkl,0
384.pkl,0
3845.pkl,0
3846.pkl,0
3847.pkl,0
3848.pkl,0
385.pkl,0
3851.pkl,0
3854.pkl,0
3855.pkl,0
3856.pkl,0
3857.pkl,0
3858.pkl,0
3861.pkl,0
3862.pkl,0
3863.pkl,1
3864.pkl,0
3866.pkl,0
3867.pkl,0
3870.pkl,0
3872.pkl,0
3875.pkl,0
3877.pkl,1
3879.pkl,0
388.pkl,0
3883.pkl,0
3884.pkl,0
3885.pkl,0
3887.pkl,0
389.pkl,0
3891.pkl,0
3892.pkl,0
3894.pkl,0
3896.pkl,1
39.pkl,0
3900.pkl,0
3901.pkl,0
3903.pkl,0
3904.pkl,0
3906.pkl,0
3907.pkl,0
391.pkl,0
3910.pkl,0
3913.pkl,0
3914.pkl,0
3915.pkl,0
3917.pkl,0
3918.pkl,0
392.pkl,0
3920.pkl,0
3922.pkl,0
3923.pkl,0
3926.pkl,0
3927.pkl,0
3928.pkl,0
3929.pkl,0
393.pkl,0
3930.pkl,0
3931.pkl,0
3932.pkl,1
3934.pkl,1
3935.pkl,0
3936.pkl,0
3937.pkl,1
394.pkl,0
3940.pkl,1
3942.pkl,0
3945.pkl,0
3948.pkl,0
3949.pkl,0
395.pkl,0
3951.pkl,0
3952.pkl,0
3953.pkl,0
3955.pkl,0
3956.pkl,0
3960.pkl,0
3962.pkl,0
3964.pkl,0
3967.pkl,0
3969.pkl,0
3970.pkl,0
3971.pkl,0
3972.pkl,0
3976.pkl,0
3977.pkl,0
3978.pkl,0
3979.pkl,0
398.pkl,0
3981.pkl,0
3982.pkl,0
3984.pkl,0
3992.pkl,0
3993.pkl,0
3995.pkl,1
3996.pkl,0
3997.pkl,0
3999.pkl,0
40.pkl,0
400.pkl,0
4001.pkl,0
4002.pkl,0
4007.pkl,0
4008.pkl,0
401.pkl,0
4011.pkl,0
4012.pkl,0
4013.pkl,0
4014.pkl,0
4015.pkl,0
4017.pkl,0
4018.pkl,0
402.pkl,0
4021.pkl,0
4023.pkl,0
4024.pkl,0
4025.pkl,0
4026.pkl,0
403.pkl,0
4031.pkl,1
4033.pkl,0
4034.pkl,0
4037.pkl,0
4038.pkl,0
4042.pkl,0
4043.pkl,0
4044.pkl,0
4046.pkl,0
4048.pkl,0
405.pkl,0
4052.pkl,0
4053.pkl,0
4054.pkl,0
4057.pkl,0
4059.pkl,0
4060.pkl,1
4061.pkl,0
4062.pkl,1
4063.pkl,0
4064.pkl,0
4065.pkl,0
4066.pkl,0
4068.pkl,0
4069.pkl,0
4071.pkl,0
4073.pkl,0
4075.pkl,0
4076.pkl,0
4079.pkl,0
4080.pkl,0
4083.pkl,0
4084.pkl,0
4085.pkl,0
4087.pkl,0
4088.pkl,0
4090.pkl,0
4091.pkl,0
4092.pkl,0
4093.pkl,0
4095.pkl,0
4096.pkl,0
4097.pkl,0
4098.pkl,0
4099.pkl,0
41.pkl,1
410.pkl,0
4100.pkl,0
4103.pkl,0
4105.pkl,0
4106.pkl,0
4107.pkl,0
4108.pkl,0
4109.pkl,0
411.pkl,0
4110.pkl,0
4111.pkl,0
4113.pkl,0
4115.pkl,0
4116.pkl,0
4117.pkl,0
4118.pkl,0
4119.pkl,0
412.pkl,0
4125.pkl,0
4127.pkl,0
413.pkl,0
4131.pkl,1
4132.pkl,0
4133.pkl,0
4134.pkl,0
4136.pkl,0
414.pkl,0
4140.pkl,0
4141.pkl,0
4142.pkl,0
4143.pkl,0
4144.pkl,0
4145.pkl,0
4149.pkl,0
4150.pkl,0
4152.pkl,0
4155.pkl,1
4157.pkl,0
4158.pkl,0
416.pkl,1
4160.pkl,0
4162.pkl,0
4163.pkl,1
4165.pkl,0
4167.pkl,0
4169.pkl,0
417.pkl,0
4173.pkl,0
4174.pkl,0
4176.pkl,0
4177.pkl,0
418.pkl,0
4180.pkl,0
4181.pkl,0
4187.pkl,0
4189.pkl,0
419.pkl,0
4191.pkl,0
4192.pkl,0
4194.pkl,0
4195.pkl,0
4197.pkl,0
4198.pkl,0
4199.pkl,0
42.pkl,0
420.pkl,0
4201.pkl,0
4203.pkl,0
4204.pkl,0
4205.pkl,1
4207.pkl,1
4209.pkl,0
4210.pkl,0
4211.pkl,0
4214.pkl,0
4215.pkl,0
4217.pkl,0
4218.pkl,0
422.pkl,0
4220.pkl,0
4222.pkl,0
4225.pkl,0
4226.pkl,0
4227.pkl,0
4229.pkl,0
423.pkl,1
4230.pkl,0
4231.pkl,0
4232.pkl,0
4233.pkl,0
4234.pkl,0
4235.pkl,0
4238.pkl,0
4240.pkl,0
4243.pkl,0
4244.pkl,0
4245.pkl,0
4249.pkl,0
4250.pkl,0
4251.pkl,0
4254.pkl,0
4256.pkl,0
4257.pkl,0
4258.pkl,0
4259.pkl,0
4260.pkl,0
4263.pkl,0
4264.pkl,0
4266.pkl,0
4270.pkl,0
4271.pkl,0
4273.pkl,0
4276.pkl,0
4279.pkl,0
4281.pkl,0
4284.pkl,0
4286.pkl,0
4287.pkl,0
4289.pkl,0
429.pkl,0
4290.pkl,0
4291.pkl,0
4293.pkl,0
4294.pkl,0
4295.pkl,0
4298.pkl,0
4299.pkl,0
430.pkl,0
4301.pkl,0
4302.pkl,1
4303.pkl,1
4304.pkl,0
4305.pkl,0
4307.pkl,1
4309.pkl,0
431.pkl,0
4311.pkl,0
4313.pkl,0
4314.pkl,0
432.pkl,0
4320.pkl,1
4321.pkl,0
4323.pkl,0
4324.pkl,0
4325.pkl,0
4327.pkl,0
4328.pkl,0
433.pkl,0
4331.pkl,0
4333.pkl,0
4337.pkl,0
4338.pkl,0
4339.pkl,0
4346.pkl,0
4347.pkl,0
4348.pkl,0
4349.pkl,0
435.pkl,0
4350.pkl,0
4351.pkl,0
4356.pkl,0
4357.pkl,0
4359.pkl,0
436.pkl,0
4362.pkl,0
4363.pkl,0
4364.pkl,0
4366.pkl,1
4367.pkl,0
4368.pkl,0
4371.pkl,0
4372.pkl,0
4374.pkl,0
4375.pkl,0
4376.pkl,0
438.pkl,0
4381.pkl,0
4388.pkl,0
4389.pkl,0
4390.pkl,0
4392.pkl,0
4393.pkl,0
4394.pkl,0
4395.pkl,0
4396.pkl,0
4397.pkl,0
4400.pkl,0
4402.pkl,0
4403.pkl,0
4406.pkl,0
441.pkl,0
4410.pkl,0
4411.pkl,0
4412.pkl,0
4413.pkl,0
4418.pkl,0
4425.pkl,0
4426.pkl,0
443.pkl,0
4430.pkl,0
4431.pkl,1
4432.pkl,0
4434.pkl,0
4435.pkl,0
4436.pkl,0
4437.pkl,0
4439.pkl,0
444.pkl,0
4440.pkl,0
4442.pkl,0
4449.pkl,0
4454.pkl,0
4457.pkl,1
4458.pkl,0
4462.pkl,0
4463.pkl,0
4466.pkl,0
4467.pkl,0
4469.pkl,0
447.pkl,0
4472.pkl,0
4473.pkl,0
4474.pkl,0
4475.pkl,0
4476.pkl,0
4477.pkl,0
4478.pkl,0
4479.pkl,0
448.pkl,0
4481.pkl,0
4483.pkl,0
4484.pkl,1
4486.pkl,0
4487.pkl,0
4488.pkl,0
4491.pkl,0
4493.pkl,0
4494.pkl,0
4496.pkl,0
4497.pkl,0
4498.pkl,0
45.pkl,0
450.pkl,0
4500.pkl,0
4502.pkl,0
4505.pkl,0
4507.pkl,0
4508.pkl,0
4509.pkl,0
4510.pkl,0
4512.pkl,0
4514.pkl,0
4516.pkl,0
4517.pkl,0
4519.pkl,0
452.pkl,0
4520.pkl,0
4522.pkl,0
4523.pkl,0
4525.pkl,0
4528.pkl,0
4529.pkl,0
453.pkl,0
4530.pkl,0
4533.pkl,0
4535.pkl,0
4536.pkl,0
4537.pkl,0
4538.pkl,0
4539.pkl,0
454.pkl,0
4542.pkl,0
4544.pkl,0
4545.pkl,0
4548.pkl,0
4549.pkl,0
4551.pkl,0
4553.pkl,0
4554.pkl,0
4555.pkl,0
4557.pkl,0
4559.pkl,0
456.pkl,0
4561.pkl,0
4564.pkl,0
4565.pkl,0
457.pkl,0
4570.pkl,0
4571.pkl,0
4573.pkl,0
4575.pkl,0
4580.pkl,0
4583.pkl,0
4584.pkl,0
4586.pkl,0
4587.pkl,0
4589.pkl,0
459.pkl,0
4593.pkl,0
4594.pkl,0
4596.pkl,0
4597.pkl,0
4598.pkl,0
4599.pkl,1
4600.pkl,0
4603.pkl,0
4606.pkl,1
4607.pkl,0
4608.pkl,0
4609.pkl,0
461.pkl,0
4610.pkl,0
4612.pkl,0
4616.pkl,0
4617.pkl,0
4618.pkl,0
462.pkl,0
4620.pkl,0
4621.pkl,0
4622.pkl,0
4624.pkl,0
4626.pkl,0
4628.pkl,0
463.pkl,0
4633.pkl,1
4635.pkl,0
4636.pkl,0
4638.pkl,0
464.pkl,0
4640.pkl,0
4641.pkl,0
4643.pkl,0
4644.pkl,0
4647.pkl,0
4648.pkl,0
4651.pkl,0
4653.pkl,0
4654.pkl,0
4655.pkl,0
4657.pkl,0
4658.pkl,0
4659.pkl,0
466.pkl,1
4661.pkl,0
4663.pkl,0
4664.pkl,0
4665.pkl,0
4668.pkl,0
467.pkl,0
4670.pkl,0
4672.pkl,0
4673.pkl,0
4674.pkl,1
4675.pkl,0
4676.pkl,0
4677.pkl,0
4678.pkl,0
4679.pkl,0
468.pkl,0
4682.pkl,0
4683.pkl,0
4684.pkl,0
469.pkl,0
4691.pkl,0
4693.pkl,0
4694.pkl,0
4695.pkl,0
4696.pkl,0
4697.pkl,0
4698.pkl,0
470.pkl,0
4701.pkl,0
4705.pkl,0
4708.pkl,0
4709.pkl,0
471.pkl,0
4711.pkl,0
4713.pkl,1
4716.pkl,0
4717.pkl,0
4718.pkl,0
4721.pkl,0
4723.pkl,0
4724.pkl,0
4726.pkl,0
4728.pkl,1
473.pkl,0
4730.pkl,0
4731.pkl,0
4732.pkl,0
4733.pkl,0
4734.pkl,0
4737.pkl,0
4739.pkl,0
4740.pkl,0
4741.pkl,0
4744.pkl,0
475.pkl,1
4751.pkl,0
4752.pkl,1
4755.pkl,0
4759.pkl,0
4761.pkl,0
4766.pkl,0
477.pkl,0
4770.pkl,0
4774.pkl,0
4775.pkl,0
4776.pkl,0
4778.pkl,1
4779.pkl,0
478.pkl,0
4780.pkl,0
4781.pkl,0
4782.pkl,0
4783.pkl,0
4785.pkl,0
4791.pkl,0
4792.pkl,0
4794.pkl,0
4795.pkl,0
4796.pkl,0
4797.pkl,0
4798.pkl,0
48.pkl,0
4800.pkl,0
4803.pkl,0
4805.pkl,0
4807.pkl,0
4808.pkl,0
4810.pkl,0
4811.pkl,1
4812.pkl,0
4813.pkl,0
4815.pkl,0
4817.pkl,0
4823.pkl,1
4827.pkl,0
4828.pkl,0
4831.pkl,0
4834.pkl,0
4835.pkl,0
4836.pkl,0
4837.pkl,0
4838.pkl,1
4839.pkl,0
4840.pkl,0
4846.pkl,0
4849.pkl,0
485.pkl,0
4852.pkl,0
4853.pkl,0
4856.pkl,0
4857.pkl,0
4859.pkl,0
486.pkl,0
4860.pkl,0
4863.pkl,1
4864.pkl,0
4875.pkl,1
4876.pkl,0
4878.pkl,0
4879.pkl,0
488.pkl,0
4881.pkl,1
4882.pkl,0
4883.pkl,0
4884.pkl,0
4886.pkl,0
4889.pkl,0
4891.pkl,0
4892.pkl,0
4893.pkl,0
4898.pkl,0
49.pkl,0
490.pkl,0
4900.pkl,0
4901.pkl,0
4902.pkl,0
4904.pkl,1
4905.pkl,0
4907.pkl,0
4909.pkl,0
491.pkl,0
4910.pkl,0
4911.pkl,0
4912.pkl,1
4914.pkl,0
4916.pkl,1
4917.pkl,0
492.pkl,0
4920.pkl,0
4921.pkl,0
4922.pkl,0
4923.pkl,0
4924.pkl,0
4927.pkl,0
4928.pkl,0
4929.pkl,0
493.pkl,0
4930.pkl,0
4931.pkl,0
4933.pkl,0
4935.pkl,0
4937.pkl,0
4938.pkl,0
4939.pkl,0
4945.pkl,0
4946.pkl,0
4948.pkl,0
4949.pkl,0
495.pkl,0
4950.pkl,0
4953.pkl,0
4957.pkl,0
4958.pkl,0
496.pkl,0
4961.pkl,0
4962.pkl,0
4964.pkl,0
4965.pkl,0
4967.pkl,0
497.pkl,0
4970.pkl,0
4972.pkl,0
4973.pkl,0
4974.pkl,0
4978.pkl,0
4979.pkl,0
4982.pkl,0
4983.pkl,0
4984.pkl,0
4985.pkl,0
4986.pkl,0
4988.pkl,0
4989.pkl,0
499.pkl,0
4991.pkl,0
4992.pkl,0
4993.pkl,0
4994.pkl,0
4996.pkl,0
4997.pkl,0
4998.pkl,0
4999.pkl,0
500.pkl,0
5000.pkl,0
5004.pkl,0
5006.pkl,0
5009.pkl,0
501.pkl,0
5012.pkl,0
5013.pkl,0
5014.pkl,1
5015.pkl,1
5018.pkl,0
502.pkl,0
5021.pkl,0
5022.pkl,0
5024.pkl,0
5026.pkl,1
5029.pkl,0
5030.pkl,0
5034.pkl,0
5035.pkl,0
5036.pkl,0
5037.pkl,0
5038.pkl,0
5039.pkl,0
504.pkl,0
5040.pkl,0
5041.pkl,0
5042.pkl,0
5045.pkl,0
5046.pkl,0
5047.pkl,0
5048.pkl,0
5049.pkl,0
5052.pkl,0
5053.pkl,0
5055.pkl,1
5061.pkl,0
5063.pkl,0
5064.pkl,0
5066.pkl,0
5068.pkl,0
507.pkl,0
5070.pkl,0
5072.pkl,0
5075.pkl,0
508.pkl,0
5081.pkl,0
5082.pkl,0
5083.pkl,0
5084.pkl,0
5085.pkl,0
5089.pkl,0
5090.pkl,0
5091.pkl,0
5092.pkl,0
5093.pkl,0
5094.pkl,0
5095.pkl,0
5098.pkl,0
5099.pkl,1
51.pkl,0
510.pkl,0
5102.pkl,0
5103.pkl,0
5106.pkl,0
5107.pkl,0
5108.pkl,0
5109.pkl,0
511.pkl,0
5110.pkl,0
5112.pkl,0
5115.pkl,0
5117.pkl,0
5118.pkl,0
5122.pkl,0
5123.pkl,0
5124.pkl,0
5125.pkl,0
5126.pkl,0
5128.pkl,0
5129.pkl,0
513.pkl,0
5130.pkl,0
5136.pkl,0
5137.pkl,0
5138.pkl,1
5139.pkl,0
5141.pkl,0
5142.pkl,0
5144.pkl,0
5145.pkl,0
5148.pkl,0
515.pkl,0
5150.pkl,0
5153.pkl,0
5154.pkl,1
5156.pkl,0
5159.pkl,0
516.pkl,0
5161.pkl,0
5162.pkl,0
5163.pkl,0
5166.pkl,0
5167.pkl,0
5169.pkl,0
5170.pkl,1
5172.pkl,0
5173.pkl,0
5174.pkl,0
5175.pkl,0
5177.pkl,0
5179.pkl,0
5182.pkl,0
5183.pkl,0
5184.pkl,0
5185.pkl,0
5187.pkl,0
5192.pkl,0
5193.pkl,0
5197.pkl,0
52.pkl,0
520.pkl,0
5200.pkl,0
5201.pkl,0
5202.pkl,0
5204.pkl,0
5205.pkl,0
5208.pkl,0
521.pkl,0
5212.pkl,0
5214.pkl,1
5216.pkl,0
5219.pkl,0
522.pkl,0
5220.pkl,0
5221.pkl,0
5223.pkl,0
5224.pkl,0
5226.pkl,0
5227.pkl,0
5229.pkl,0
5230.pkl,0
5233.pkl,0
5236.pkl,0
5238.pkl,0
5240.pkl,0
5242.pkl,0
5243.pkl,0
5249.pkl,0
525.pkl,0
5250.pkl,0
5252.pkl,0
5255.pkl,0
5256.pkl,0
5258.pkl,0
5261.pkl,0
5262.pkl,0
5263.pkl,0
5266.pkl,0
5269.pkl,1
527.pkl,0
5271.pkl,0
5276.pkl,0
5277.pkl,0
5278.pkl,0
5279.pkl,0
5280.pkl,0
5282.pkl,0
5283.pkl,0
5288.pkl,0
529.pkl,0
5292.pkl,0
5294.pkl,0
5296.pkl,0
5297.pkl,0
5299.pkl,0
53.pkl,0
530.pkl,0
5301.pkl,0
5302.pkl,0
5304.pkl,0
5305.pkl,0
5306.pkl,0
5310.pkl,0
5311.pkl,0
5315.pkl,0
5316.pkl,0
5319.pkl,0
5323.pkl,0
5325.pkl,0
5326.pkl,0
5327.pkl,0
5328.pkl,0
533.pkl,0
5330.pkl,1
5333.pkl,0
5334.pkl,0
5335.pkl,0
5337.pkl,0
5338.pkl,0
5339.pkl,0
5342.pkl,0
5343.pkl,0
5345.pkl,0
5347.pkl,0
5349.pkl,0
535.pkl,1
5351.pkl,0
5352.pkl,0
5354.pkl,1
5355.pkl,1
5356.pkl,1
5359.pkl,0
536.pkl,0
5360.pkl,0
5366.pkl,0
5369.pkl,0
5371.pkl,0
5373.pkl,0
5374.pkl,0
5375.pkl,0
5376.pkl,0
5377.pkl,0
538.pkl,0
5380.pkl,0
5382.pkl,0
5384.pkl,0
5387.pkl,0
5388.pkl,0
5389.pkl,0
5391.pkl,0
5392.pkl,0
5393.pkl,0
5396.pkl,0
5397.pkl,0
5398.pkl,0
5399.pkl,0
540.pkl,0
5400.pkl,0
5401.pkl,0
5403.pkl,0
5405.pkl,0
5407.pkl,0
5409.pkl,0
541.pkl,0
5410.pkl,0
5414.pkl,0
5415.pkl,0
5417.pkl,0
5418.pkl,0
542.pkl,1
5421.pkl,0
5423.pkl,0
5425.pkl,0
5429.pkl,0
5430.pkl,0
5431.pkl,0
5434.pkl,0
5436.pkl,0
5437.pkl,0
5439.pkl,1
544.pkl,0
5440.pkl,0
5442.pkl,1
5445.pkl,0
5446.pkl,0
5449.pkl,0
545.pkl,0
5450.pkl,0
5453.pkl,0
5455.pkl,0
5456.pkl,1
5458.pkl,0
5459.pkl,0
5461.pkl,0
5462.pkl,0
5463.pkl,0
5464.pkl,0
5465.pkl,1
5467.pkl,0
5468.pkl,0
5469.pkl,0
5470.pkl,0
5472.pkl,0
5474.pkl,0
5475.pkl,0
5477.pkl,0
5478.pkl,0
5483.pkl,0
5484.pkl,0
5485.pkl,0
5486.pkl,0
5487.pkl,0
5488.pkl,0
549.pkl,0
5490.pkl,0
5491.pkl,0
5492.pkl,0
5493.pkl,0
5494.pkl,0
5495.pkl,0
5497.pkl,0
5499.pkl,0
55.pkl,0
5501.pkl,1
5502.pkl,0
5503.pkl,0
5505.pkl,0
5506.pkl,1
5508.pkl,0
551.pkl,0
5510.pkl,0
5512.pkl,0
5514.pkl,0
5515.pkl,0
5517.pkl,0
5520.pkl,0
5521.pkl,0
5522.pkl,0
5523.pkl,0
5524.pkl,0
5525.pkl,0
5526.pkl,0
5527.pkl,0
5529.pkl,0
553.pkl,0
5530.pkl,0
5533.pkl,0
5535.pkl,0
5536.pkl,0
5537.pkl,0
5538.pkl,0
5539.pkl,0
554.pkl,0
5540.pkl,0
5541.pkl,0
5542.pkl,0
5543.pkl,0
5547.pkl,0
5548.pkl,0
555.pkl,0
5551.pkl,0
5553.pkl,0
5554.pkl,0
5555.pkl,0
5556.pkl,0
5557.pkl,0
5558.pkl,0
5561.pkl,0
5564.pkl,0
5565.pkl,0
5568.pkl,0
5569.pkl,0
5570.pkl,0
5571.pkl,0
5572.pkl,0
5576.pkl,0
5577.pkl,0
5578.pkl,0
558.pkl,0
5580.pkl,0
5583.pkl,0
5584.pkl,0
5585.pkl,0
5586.pkl,0
5587.pkl,0
5589.pkl,0
559.pkl,0
5593.pkl,0
5594.pkl,0
5596.pkl,0
5597.pkl,1
5598.pkl,0
56.pkl,1
560.pkl,0
5600.pkl,0
5601.pkl,0
5602.pkl,0
5603.pkl,0
5606.pkl,0
5609.pkl,0
5611.pkl,0
5613.pkl,0
5614.pkl,0
5616.pkl,0
5618.pkl,0
562.pkl,0
5620.pkl,0
5621.pkl,0
5622.pkl,0
5623.pkl,0
5624.pkl,0
5625.pkl,0
5627.pkl,0
5628.pkl,0
563.pkl,0
5632.pkl,0
5634.pkl,0
5635.pkl,1
5636.pkl,0
5637.pkl,0
5638.pkl,0
564.pkl,0
5642.pkl,0
5643.pkl,0
5648.pkl,0
5650.pkl,0
5652.pkl,0
5653.pkl,0
5655.pkl,0
5659.pkl,0
566.pkl,0
5661.pkl,0
5665.pkl,0
5666.pkl,0
567.pkl,0
5671.pkl,0
5672.pkl,0
5673.pkl,0
5675.pkl,0
5676.pkl,0
5678.pkl,1
5681.pkl,0
5683.pkl,0
5684.pkl,0
5685.pkl,0
5688.pkl,0
569.pkl,0
5691.pkl,0
5692.pkl,0
5694.pkl,0
5695.pkl,0
5696.pkl,0
5699.pkl,0
57.pkl,0
5700.pkl,0
5701.pkl,0
5703.pkl,0
5710.pkl,0
5712.pkl,0
5713.pkl,0
5715.pkl,0
5717.pkl,0
5718.pkl,0
5720.pkl,0
5722.pkl,0
5723.pkl,0
5727.pkl,0
5728.pkl,0
5729.pkl,0
573.pkl,0
5730.pkl,0
5731.pkl,0
5732.pkl,0
5733.pkl,0
5734.pkl,0
5735.pkl,0
5737.pkl,0
5738.pkl,0
574.pkl,0
5741.pkl,0
5742.pkl,0
5746.pkl,0
5747.pkl,0
5748.pkl,0
575.pkl,0
5750.pkl,0
5753.pkl,0
5754.pkl,0
5756.pkl,0
5758.pkl,0
576.pkl,0
5761.pkl,0
5762.pkl,0
5763.pkl,0
5766.pkl,0
5768.pkl,0
5769.pkl,0
577.pkl,0
5773.pkl,0
5776.pkl,0
5777.pkl,0
578.pkl,0
5780.pkl,0
5783.pkl,0
5784.pkl,0
5786.pkl,0
5788.pkl,0
5789.pkl,0
579.pkl,0
5790.pkl,0
5791.pkl,0
5794.pkl,0
5796.pkl,0
5797.pkl,0
5798.pkl,0
58.pkl,0
5801.pkl,0
5804.pkl,0
5805.pkl,0
5806.pkl,0
5808.pkl,0
5809.pkl,0
581.pkl,0
5810.pkl,0
5811.pkl,0
5814.pkl,0
5815.pkl,0
5816.pkl,0
5818.pkl,0
5819.pkl,0
582.pkl,0
5824.pkl,0
5826.pkl,0
5827.pkl,1
5828.pkl,0
5829.pkl,1
583.pkl,0
5830.pkl,0
5832.pkl,0
5834.pkl,0
5836.pkl,1
5837.pkl,0
5839.pkl,0
5840.pkl,0
5841.pkl,0
5844.pkl,0
5845.pkl,0
5846.pkl,0
5847.pkl,0
5848.pkl,0
5849.pkl,0
585.pkl,0
5851.pkl,0
5852.pkl,0
5855.pkl,0
5856.pkl,0
5859.pkl,0
586.pkl,0
5861.pkl,1
5862.pkl,0
5866.pkl,0
5867.pkl,0
587.pkl,1
5870.pkl,0
5874.pkl,0
5879.pkl,0
5880.pkl,0
5881.pkl,0
5882.pkl,0
5884.pkl,0
5887.pkl,0
5889.pkl,0
589.pkl,1
5890.pkl,0
5891.pkl,0
5892.pkl,0
5894.pkl,0
5896.pkl,0
5897.pkl,0
5898.pkl,0
59.pkl,0
5903.pkl,0
5904.pkl,0
5907.pkl,0
5909.pkl,0
5911.pkl,0
5913.pkl,0
5914.pkl,0
5915.pkl,0
5916.pkl,0
5922.pkl,0
5923.pkl,0
5924.pkl,0
5926.pkl,0
5927.pkl,0
5928.pkl,1
5929.pkl,0
5933.pkl,0
5934.pkl,0
5935.pkl,0
5937.pkl,0
5939.pkl,0
5940.pkl,0
5942.pkl,0
5944.pkl,0
5945.pkl,0
5947.pkl,0
5948.pkl,0
5949.pkl,0
595.pkl,0
5950.pkl,0
5951.pkl,0
5952.pkl,0
5955.pkl,0
5956.pkl,0
5959.pkl,0
5960.pkl,0
5963.pkl,0
5964.pkl,0
5965.pkl,0
5966.pkl,0
5967.pkl,0
5968.pkl,0
5969.pkl,0
5970.pkl,0
5971.pkl,0
5972.pkl,1
5974.pkl,0
5977.pkl,0
5978.pkl,0
5982.pkl,1
5983.pkl,0
5987.pkl,0
5989.pkl,0
599.pkl,0
5990.pkl,0
5991.pkl,0
5992.pkl,0
5995.pkl,0
5996.pkl,0
5998.pkl,0
5999.pkl,0
6.pkl,0
60.pkl,0
600.pkl,0
6000.pkl,1
6006.pkl,0
6008.pkl,0
6009.pkl,0
601.pkl,0
6011.pkl,0
6012.pkl,0
6013.pkl,0
6014.pkl,0
6015.pkl,0
6016.pkl,0
6017.pkl,0
6018.pkl,0
6022.pkl,0
6023.pkl,0
6024.pkl,0
6028.pkl,1
6031.pkl,0
6032.pkl,0
6033.pkl,0
6034.pkl,0
6035.pkl,0
6038.pkl,0
604.pkl,0
6040.pkl,0
6041.pkl,1
6042.pkl,0
6043.pkl,0
6045.pkl,1
6046.pkl,0
6047.pkl,0
6048.pkl,0
6049.pkl,0
6050.pkl,0
6051.pkl,1
6052.pkl,0
6054.pkl,1
6055.pkl,0
6058.pkl,0
6059.pkl,0
6060.pkl,0
6061.pkl,0
6062.pkl,0
6064.pkl,0
6066.pkl,0
607.pkl,0
6072.pkl,0
6073.pkl,0
6074.pkl,0
6078.pkl,0
608.pkl,0
6080.pkl,0
6082.pkl,0
6085.pkl,0
6086.pkl,0
6087.pkl,0
6088.pkl,0
6089.pkl,0
609.pkl,0
6090.pkl,1
6091.pkl,0
6092.pkl,0
6093.pkl,0
6094.pkl,0
6095.pkl,0
6098.pkl,0
61.pkl,0
6101.pkl,1
6102.pkl,0
6104.pkl,0
6107.pkl,0
6108.pkl,0
6109.pkl,0
6111.pkl,0
6112.pkl,0
6113.pkl,0
6114.pkl,0
6115.pkl,0
6116.pkl,0
6117.pkl,0
6118.pkl,0
6119.pkl,0
612.pkl,0
6120.pkl,0
6121.pkl,0
6123.pkl,0
6124.pkl,0
6127.pkl,0
6128.pkl,0
6129.pkl,0
613.pkl,0
6130.pkl,0
6131.pkl,0
6137.pkl,1
614.pkl,0
6143.pkl,1
6144.pkl,0
6145.pkl,0
6147.pkl,0
6149.pkl,0
615.pkl,0
6150.pkl,0
6151.pkl,0
6152.pkl,0
6156.pkl,0
6157.pkl,0
6158.pkl,0
6161.pkl,0
6162.pkl,0
6167.pkl,0
6168.pkl,0
6169.pkl,0
617.pkl,0
6170.pkl,0
6173.pkl,0
6175.pkl,1
6178.pkl,0
6179.pkl,0
618.pkl,0
6185.pkl,0
6187.pkl,0
6188.pkl,0
619.pkl,0
6192.pkl,0
6193.pkl,0
6194.pkl,0
6195.pkl,0
6197.pkl,0
6199.pkl,0
62.pkl,0
620.pkl,0
6203.pkl,0
6204.pkl,0
6205.pkl,0
6208.pkl,0
6209.pkl,0
6210.pkl,0
6211.pkl,1
6213.pkl,0
6214.pkl,0
6215.pkl,0
6216.pkl,1
6217.pkl,0
6218.pkl,0
6219.pkl,0
6220.pkl,0
6221.pkl,1
6223.pkl,0
6224.pkl,0
6227.pkl,0
6228.pkl,0
623.pkl,0
6230.pkl,0
6231.pkl,0
6233.pkl,0
6236.pkl,0
6237.pkl,0
6238.pkl,0
6240.pkl,0
6242.pkl,0
6243.pkl,0
6245.pkl,0
6247.pkl,1
6248.pkl,0
625.pkl,0
6251.pkl,0
6256.pkl,0
6257.pkl,0
6259.pkl,0
626.pkl,0
6262.pkl,0
6264.pkl,0
6265.pkl,0
6266.pkl,1
6267.pkl,0
6269.pkl,0
627.pkl,0
6270.pkl,0
6273.pkl,0
6274.pkl,0
6276.pkl,0
6277.pkl,0
6278.pkl,0
6279.pkl,0
628.pkl,0
6281.pkl,0
6283.pkl,0
6285.pkl,0
6287.pkl,0
629.pkl,0
6292.pkl,0
6294.pkl,0
6295.pkl,0
6297.pkl,0
6298.pkl,0
6299.pkl,0
63.pkl,0
630.pkl,0
6303.pkl,0
6304.pkl,0
6305.pkl,0
631.pkl,0
6310.pkl,0
6312.pkl,0
6313.pkl,0
6317.pkl,0
632.pkl,0
6323.pkl,0
6324.pkl,0
6325.pkl,0
6327.pkl,0
6329.pkl,0
633.pkl,0
6331.pkl,0
6332.pkl,0
6333.pkl,0
6335.pkl,0
6339.pkl,0
634.pkl,0
6340.pkl,0
6344.pkl,0
6345.pkl,0
6347.pkl,0
6350.pkl,0
6352.pkl,0
6354.pkl,0
6355.pkl,1
6356.pkl,0
6358.pkl,0
6359.pkl,0
6363.pkl,1
6366.pkl,0
6367.pkl,0
6368.pkl,0
6377.pkl,1
638.pkl,0
6380.pkl,0
6383.pkl,0
6385.pkl,0
6387.pkl,0
6388.pkl,0
6389.pkl,0
639.pkl,0
6390.pkl,1
6391.pkl,0
6393.pkl,0
6394.pkl,0
6395.pkl,0
6398.pkl,0
640.pkl,0
6400.pkl,0
6401.pkl,0
6402.pkl,0
6403.pkl,0
6405.pkl,0
6406.pkl,1
6407.pkl,0
6408.pkl,0
6409.pkl,0
641.pkl,0
6411.pkl,0
6412.pkl,0
6413.pkl,0
6414.pkl,0
6416.pkl,0
6418.pkl,0
6420.pkl,1
6421.pkl,0
6423.pkl,0
6425.pkl,0
6427.pkl,0
6430.pkl,0
6432.pkl,0
6433.pkl,0
6435.pkl,0
6438.pkl,0
644.pkl,0
6440.pkl,0
6443.pkl,0
6447.pkl,0
645.pkl,0
6450.pkl,0
6453.pkl,0
6454.pkl,0
6455.pkl,1
6456.pkl,0
6458.pkl,0
6462.pkl,0
6465.pkl,0
6467.pkl,0
6468.pkl,0
6469.pkl,0
6471.pkl,0
6474.pkl,0
6475.pkl,0
6476.pkl,0
6478.pkl,0
6482.pkl,0
6485.pkl,0
6487.pkl,0
6488.pkl,0
6489.pkl,0
649.pkl,1
6490.pkl,0
6491.pkl,0
6493.pkl,0
6495.pkl,0
6496.pkl,0
6497.pkl,1
6498.pkl,0
6499.pkl,0
6500.pkl,0
6501.pkl,0
6505.pkl,1
6506.pkl,1
6509.pkl,0
651.pkl,0
6510.pkl,0
6511.pkl,0
6512.pkl,0
6513.pkl,0
6514.pkl,0
6516.pkl,0
6518.pkl,0
6519.pkl,0
652.pkl,0
6520.pkl,0
6521.pkl,0
6522.pkl,0
6526.pkl,0
6527.pkl,0
6530.pkl,0
6533.pkl,0
6536.pkl,0
6537.pkl,0
6538.pkl,0
6539.pkl,0
654.pkl,0
6541.pkl,0
6543.pkl,0
6544.pkl,0
6547.pkl,0
655.pkl,1
6550.pkl,0
6552.pkl,0
6554.pkl,0
6558.pkl,0
6560.pkl,1
6561.pkl,1
6562.pkl,0
6563.pkl,0
6564.pkl,0
6565.pkl,0
6566.pkl,0
6567.pkl,0
6568.pkl,0
6570.pkl,0
6571.pkl,0
6572.pkl,0
6573.pkl,0
6574.pkl,0
6576.pkl,0
6577.pkl,0
6579.pkl,0
658.pkl,0
6581.pkl,0
6582.pkl,0
6584.pkl,0
6586.pkl,0
6589.pkl,0
659.pkl,0
6590.pkl,0
6591.pkl,0
6593.pkl,0
6595.pkl,0
6599.pkl,0
66.pkl,0
660.pkl,0
6601.pkl,0
6604.pkl,0
6605.pkl,0
6606.pkl,0
6607.pkl,0
6611.pkl,0
6612.pkl,0
6616.pkl,0
6619.pkl,0
662.pkl,0
6620.pkl,0
6621.pkl,0
6625.pkl,0
6628.pkl,0
6629.pkl,0
6635.pkl,0
6638.pkl,0
6639.pkl,1
664.pkl,0
6640.pkl,0
6641.pkl,0
6643.pkl,0
6645.pkl,0
6646.pkl,0
6647.pkl,0
6648.pkl,0
6653.pkl,1
6656.pkl,0
6657.pkl,0
6658.pkl,0
6659.pkl,0
666.pkl,0
6662.pkl,0
6663.pkl,0
6664.pkl,0
6665.pkl,1
6666.pkl,0
6667.pkl,0
667.pkl,0
6675.pkl,0
6677.pkl,0
6678.pkl,0
6679.pkl,0
6680.pkl,0
6682.pkl,0
6683.pkl,1
6685.pkl,0
6687.pkl,0
6688.pkl,0
6689.pkl,0
669.pkl,0
6690.pkl,0
6692.pkl,0
6694.pkl,0
6695.pkl,0
6696.pkl,0
6697.pkl,0
6698.pkl,0
6699.pkl,0
6700.pkl,0
6701.pkl,0
6702.pkl,0
6703.pkl,0
6704.pkl,0
6705.pkl,0
6709.pkl,0
6711.pkl,0
6712.pkl,1
6713.pkl,0
6714.pkl,0
6717.pkl,0
6719.pkl,0
672.pkl,0
6720.pkl,0
6721.pkl,0
6724.pkl,1
6725.pkl,0
6727.pkl,1
6728.pkl,0
6729.pkl,0
673.pkl,0
6733.pkl,0
6736.pkl,0
6737.pkl,0
6738.pkl,0
674.pkl,0
6740.pkl,0
6741.pkl,0
6742.pkl,0
6743.pkl,0
6744.pkl,0
6746.pkl,0
6751.pkl,0
6752.pkl,0
6754.pkl,0
6755.pkl,0
6758.pkl,1
6760.pkl,0
6761.pkl,0
6762.pkl,0
6763.pkl,0
6766.pkl,0
6767.pkl,0
6768.pkl,0
6769.pkl,1
677.pkl,0
6770.pkl,0
6771.pkl,0
6773.pkl,0
6774.pkl,0
6775.pkl,0
6777.pkl,0
6779.pkl,0
6781.pkl,0
6784.pkl,1
6787.pkl,0
6789.pkl,0
679.pkl,0
6790.pkl,0
6791.pkl,1
6792.pkl,0
6796.pkl,0
6797.pkl,0
6798.pkl,0
6799.pkl,0
68.pkl,0
6801.pkl,0
6805.pkl,1
6806.pkl,0
6807.pkl,0
6808.pkl,0
6809.pkl,0
6810.pkl,0
6811.pkl,0
6812.pkl,0
6813.pkl,0
6814.pkl,0
6815.pkl,1
6818.pkl,0
6819.pkl,0
682.pkl,0
6820.pkl,1
6822.pkl,0
6823.pkl,0
6824.pkl,0
6825.pkl,0
6826.pkl,0
6829.pkl,0
6830.pkl,1
6832.pkl,1
6833.pkl,0
6835.pkl,0
6836.pkl,1
6837.pkl,0
6839.pkl,0
684.pkl,1
6841.pkl,0
6844.pkl,0
6846.pkl,0
6847.pkl,0
6848.pkl,0
6849.pkl,0
685.pkl,0
6850.pkl,0
6852.pkl,0
6853.pkl,0
6855.pkl,0
6857.pkl,0
6858.pkl,1
6860.pkl,0
6862.pkl,0
6864.pkl,0
6865.pkl,0
6868.pkl,0
6870.pkl,0
6872.pkl,0
6873.pkl,0
6874.pkl,0
6875.pkl,0
6877.pkl,0
6878.pkl,0
688.pkl,0
6881.pkl,0
6882.pkl,0
6883.pkl,0
6884.pkl,0
6886.pkl,0
6888.pkl,0
6892.pkl,0
6894.pkl,1
6895.pkl,0
6896.pkl,0
6899.pkl,0
690.pkl,0
6900.pkl,0
6902.pkl,0
6904.pkl,0
6905.pkl,0
6908.pkl,0
6911.pkl,0
6914.pkl,0
6918.pkl,0
6919.pkl,0
692.pkl,1
6920.pkl,0
6922.pkl,0
6924.pkl,0
6925.pkl,0
6926.pkl,0
6928.pkl,0
6929.pkl,0
693.pkl,0
6931.pkl,0
6932.pkl,0
6933.pkl,0
6934.pkl,0
6935.pkl,0
6936.pkl,0
6937.pkl,0
6938.pkl,0
6939.pkl,0
694.pkl,0
6941.pkl,0
6943.pkl,0
6944.pkl,0
6947.pkl,0
6949.pkl,0
695.pkl,0
6951.pkl,0
6954.pkl,0
696.pkl,1
6963.pkl,0
6964.pkl,0
6969.pkl,0
697.pkl,0
6971.pkl,0
6972.pkl,0
6974.pkl,0
6975.pkl,0
6977.pkl,0
6981.pkl,1
6982.pkl,0
6983.pkl,0
6987.pkl,0
6989.pkl,0
699.pkl,0
6990.pkl,0
6991.pkl,0
6992.pkl,1
6993.pkl,0
6995.pkl,0
6996.pkl,0
6997.pkl,0
6999.pkl,0
7000.pkl,0
7001.pkl,0
7005.pkl,0
7006.pkl,1
7008.pkl,0
701.pkl,0
7010.pkl,1
7011.pkl,0
7014.pkl,0
7015.pkl,0
7017.pkl,0
7018.pkl,0
7019.pkl,0
702.pkl,0
7020.pkl,0
7021.pkl,0
7024.pkl,0
7025.pkl,0
7028.pkl,0
7032.pkl,0
7033.pkl,0
7034.pkl,1
7035.pkl,0
7036.pkl,0
7039.pkl,0
704.pkl,0
7040.pkl,0
7043.pkl,0
7044.pkl,0
7045.pkl,0
7047.pkl,0
7049.pkl,0
7050.pkl,0
7051.pkl,0
7052.pkl,0
7055.pkl,0
7056.pkl,0
7059.pkl,0
706.pkl,0
7060.pkl,0
7061.pkl,1
7062.pkl,0
7065.pkl,0
7069.pkl,0
707.pkl,0
7070.pkl,0
7071.pkl,0
7074.pkl,0
7075.pkl,0
7076.pkl,0
7079.pkl,0
708.pkl,0
7080.pkl,0
7081.pkl,0
7082.pkl,0
7084.pkl,0
7085.pkl,0
7087.pkl,0
7088.pkl,0
7089.pkl,0
709.pkl,0
7091.pkl,0
7092.pkl,0
7093.pkl,0
7094.pkl,0
7095.pkl,0
7096.pkl,0
7098.pkl,1
7099.pkl,0
7102.pkl,0
7105.pkl,0
7108.pkl,0
7109.pkl,0
711.pkl,0
7110.pkl,0
7111.pkl,1
7112.pkl,0
7113.pkl,0
7115.pkl,0
7117.pkl,0
7119.pkl,0
712.pkl,0
7120.pkl,1
7121.pkl,0
7122.pkl,0
7124.pkl,0
7129.pkl,0
7130.pkl,0
7137.pkl,0
7138.pkl,0
7140.pkl,0
7141.pkl,0
7142.pkl,0
7143.pkl,1
7144.pkl,0
7145.pkl,0
7146.pkl,0
7147.pkl,0
7149.pkl,1
7151.pkl,0
7152.pkl,0
7157.pkl,0
7159.pkl,0
716.pkl,0
7160.pkl,0
7162.pkl,0
7168.pkl,0
7170.pkl,0
7171.pkl,0
7176.pkl,1
7178.pkl,0
7179.pkl,0
718.pkl,0
7181.pkl,0
7182.pkl,0
7184.pkl,0
7186.pkl,0
7187.pkl,0
7188.pkl,0
7189.pkl,0
719.pkl,0
7190.pkl,0
7191.pkl,0
7193.pkl,1
7194.pkl,0
7195.pkl,0
7196.pkl,0
7197.pkl,1
7198.pkl,0
7199.pkl,0
7201.pkl,0
7203.pkl,0
7204.pkl,1
7205.pkl,0
7206.pkl,0
7207.pkl,0
7208.pkl,0
7209.pkl,0
721.pkl,0
7210.pkl,0
7214.pkl,0
7216.pkl,0
722.pkl,0
7221.pkl,0
7227.pkl,0
7228.pkl,0
7231.pkl,0
7232.pkl,0
7233.pkl,0
7235.pkl,0
7236.pkl,0
7238.pkl,0
7239.pkl,0
7241.pkl,0
7242.pkl,0
7243.pkl,0
7246.pkl,0
7247.pkl,0
7249.pkl,0
7250.pkl,0
7254.pkl,0
7255.pkl,0
7256.pkl,0
7257.pkl,0
7260.pkl,0
7262.pkl,0
7263.pkl,0
7266.pkl,0
7267.pkl,0
7268.pkl,0
7269.pkl,0
7270.pkl,0
7271.pkl,1
7272.pkl,0
7274.pkl,0
7276.pkl,0
7279.pkl,0
728.pkl,0
7284.pkl,0
7285.pkl,0
7287.pkl,0
7289.pkl,0
729.pkl,0
7290.pkl,0
7291.pkl,0
7293.pkl,0
7294.pkl,0
7295.pkl,0
7300.pkl,0
7303.pkl,0
7305.pkl,0
7307.pkl,0
7308.pkl,0
7313.pkl,0
7315.pkl,0
7319.pkl,0
732.pkl,0
7320.pkl,1
7321.pkl,0
7322.pkl,0
7323.pkl,0
7324.pkl,0
7327.pkl,0
7331.pkl,0
7335.pkl,0
7336.pkl,0
7337.pkl,0
7346.pkl,0
7347.pkl,1
735.pkl,0
7350.pkl,1
7351.pkl,0
7352.pkl,1
7353.pkl,1
7355.pkl,0
7356.pkl,0
7358.pkl,0
7359.pkl,1
736.pkl,0
7362.pkl,0
7364.pkl,0
7365.pkl,1
7366.pkl,0
7367.pkl,0
7368.pkl,0
7370.pkl,0
7373.pkl,0
7378.pkl,0
738.pkl,0
7381.pkl,0
7382.pkl,0
7383.pkl,1
7384.pkl,0
7385.pkl,0
7386.pkl,0
7387.pkl,0
7388.pkl,0
7389.pkl,0
739.pkl,0
7390.pkl,0
7391.pkl,0
7394.pkl,0
7395.pkl,0
7396.pkl,0
7398.pkl,0
7399.pkl,1
74.pkl,0
740.pkl,0
7401.pkl,0
7402.pkl,1
7403.pkl,0
7404.pkl,0
7405.pkl,0
7408.pkl,0
7409.pkl,0
741.pkl,0
7411.pkl,0
7412.pkl,1
7414.pkl,0
7415.pkl,0
7419.pkl,0
7420.pkl,0
7421.pkl,0
7422.pkl,0
7423.pkl,0
7426.pkl,0
7427.pkl,0
7428.pkl,0
7431.pkl,0
7432.pkl,0
7433.pkl,0
7434.pkl,0
7436.pkl,0
7437.pkl,1
7438.pkl,0
744.pkl,0
7442.pkl,0
7443.pkl,0
7444.pkl,0
7445.pkl,0
7449.pkl,0
745.pkl,0
7450.pkl,1
7451.pkl,0
7452.pkl,0
7455.pkl,0
7458.pkl,0
746.pkl,0
7461.pkl,0
7463.pkl,0
7465.pkl,0
7466.pkl,1
7467.pkl,0
7468.pkl,0
7469.pkl,0
747.pkl,0
7470.pkl,1
7472.pkl,0
7473.pkl,0
7474.pkl,0
7475.pkl,0
7477.pkl,0
7478.pkl,1
7479.pkl,0
7480.pkl,1
7481.pkl,1
7483.pkl,0
7484.pkl,0
7485.pkl,0
7487.pkl,0
7488.pkl,0
749.pkl,0
7491.pkl,0
7498.pkl,0
7499.pkl,0
75.pkl,0
750.pkl,0
7500.pkl,0
7501.pkl,0
7502.pkl,0
7505.pkl,0
7506.pkl,0
7507.pkl,0
7509.pkl,0
7510.pkl,0
7511.pkl,0
7512.pkl,0
7513.pkl,0
7514.pkl,0
7515.pkl,0
7516.pkl,0
7519.pkl,0
752.pkl,0
7521.pkl,0
7523.pkl,0
7524.pkl,0
7525.pkl,0
7526.pkl,0
7528.pkl,0
7529.pkl,0
7530.pkl,0
7531.pkl,0
7535.pkl,0
7537.pkl,0
7538.pkl,0
7539.pkl,0
754.pkl,0
7540.pkl,1
7541.pkl,0
7542.pkl,0
7544.pkl,0
7545.pkl,0
7549.pkl,0
755.pkl,0
7550.pkl,0
7551.pkl,0
7552.pkl,0
7553.pkl,0
7556.pkl,0
756.pkl,0
7560.pkl,0
7561.pkl,0
7562.pkl,0
7565.pkl,0
7566.pkl,0
7568.pkl,0
7569.pkl,0
7570.pkl,0
7573.pkl,0
758.pkl,0
7580.pkl,0
7581.pkl,0
7585.pkl,0
7587.pkl,0
7588.pkl,0
7590.pkl,0
7595.pkl,0
7596.pkl,0
7597.pkl,0
76.pkl,0
7603.pkl,0
7604.pkl,0
7606.pkl,0
7609.pkl,0
761.pkl,0
7613.pkl,0
7618.pkl,0
762.pkl,1
7620.pkl,0
7621.pkl,0
7622.pkl,0
7623.pkl,0
7624.pkl,0
7625.pkl,0
7626.pkl,1
7627.pkl,0
7629.pkl,0
7631.pkl,0
7632.pkl,0
7633.pkl,0
7636.pkl,0
7638.pkl,1
7639.pkl,0
7640.pkl,0
7642.pkl,0
7643.pkl,0
7644.pkl,0
7645.pkl,0
7646.pkl,0
7647.pkl,0
7648.pkl,1
7650.pkl,1
7656.pkl,0
7657.pkl,0
7659.pkl,0
7660.pkl,0
7661.pkl,0
7662.pkl,0
7668.pkl,0
767.pkl,0
7670.pkl,0
7673.pkl,0
7676.pkl,0
7677.pkl,0
7678.pkl,0
768.pkl,0
7680.pkl,0
7681.pkl,0
7684.pkl,0
7688.pkl,0
7689.pkl,0
769.pkl,0
7690.pkl,0
7692.pkl,0
7693.pkl,0
7696.pkl,0
7697.pkl,0
7698.pkl,0
77.pkl,0
770.pkl,0
7703.pkl,0
7704.pkl,0
7705.pkl,0
771.pkl,0
7712.pkl,0
7713.pkl,0
7715.pkl,0
7719.pkl,0
7721.pkl,0
7722.pkl,0
7725.pkl,0
7729.pkl,0
773.pkl,0
7730.pkl,0
7731.pkl,0
7732.pkl,0
7736.pkl,0
7738.pkl,0
7739.pkl,0
774.pkl,0
7741.pkl,0
7742.pkl,0
7747.pkl,0
7748.pkl,0
7749.pkl,0
775.pkl,0
7752.pkl,0
7754.pkl,0
7755.pkl,0
7757.pkl,0
7758.pkl,0
7759.pkl,0
7761.pkl,0
7762.pkl,0
7765.pkl,0
7766.pkl,0
7769.pkl,0
7772.pkl,0
7773.pkl,0
7775.pkl,0
7778.pkl,0
7779.pkl,0
778.pkl,0
7780.pkl,0
7781.pkl,0
7785.pkl,0
7786.pkl,0
7787.pkl,0
7788.pkl,0
7790.pkl,1
7793.pkl,0
7796.pkl,0
7798.pkl,0
7799.pkl,0
78.pkl,0
7800.pkl,0
7801.pkl,0
7805.pkl,0
7806.pkl,0
7807.pkl,0
7808.pkl,0
781.pkl,0
7810.pkl,0
7815.pkl,0
7816.pkl,0
7817.pkl,0
7819.pkl,0
7821.pkl,0
7823.pkl,0
7825.pkl,0
7828.pkl,0
783.pkl,0
7830.pkl,0
7832.pkl,0
7833.pkl,1
7835.pkl,0
7837.pkl,0
7838.pkl,0
7841.pkl,1
7842.pkl,0
7843.pkl,0
7845.pkl,0
7846.pkl,0
7848.pkl,0
7849.pkl,0
7851.pkl,0
7858.pkl,1
7859.pkl,0
786.pkl,0
7863.pkl,0
7865.pkl,0
7868.pkl,0
7871.pkl,0
7873.pkl,0
7874.pkl,0
7876.pkl,0
7878.pkl,0
7879.pkl,0
7880.pkl,0
7881.pkl,0
7882.pkl,0
7884.pkl,0
7885.pkl,0
7886.pkl,0
7889.pkl,0
789.pkl,0
7890.pkl,0
7892.pkl,0
7894.pkl,0
7896.pkl,0
7899.pkl,0
79.pkl,0
7901.pkl,0
7904.pkl,0
7905.pkl,0
7907.pkl,0
7908.pkl,0
7914.pkl,0
7915.pkl,0
7917.pkl,0
7919.pkl,0
792.pkl,0
7921.pkl,0
7924.pkl,0
7926.pkl,0
7927.pkl,0
7930.pkl,0
7931.pkl,0
7932.pkl,0
7934.pkl,0
7935.pkl,0
7936.pkl,0
7939.pkl,0
794.pkl,0
7941.pkl,0
7943.pkl,0
7948.pkl,0
795.pkl,0
7950.pkl,0
7952.pkl,0
7954.pkl,0
7955.pkl,0
7956.pkl,0
7957.pkl,0
7959.pkl,0
7961.pkl,0
7964.pkl,0
7965.pkl,0
7966.pkl,0
7968.pkl,0
7969.pkl,0
797.pkl,0
7971.pkl,0
7973.pkl,0
7974.pkl,0
7975.pkl,0
7976.pkl,0
7977.pkl,1
7979.pkl,0
798.pkl,0
7980.pkl,0
7982.pkl,0
7985.pkl,0
7986.pkl,0
7988.pkl,1
7991.pkl,0
7994.pkl,0
7996.pkl,0
7997.pkl,1
8.pkl,0
80.pkl,0
800.pkl,0
8003.pkl,0
8008.pkl,0
8009.pkl,0
801.pkl,0
8011.pkl,0
8012.pkl,1
8013.pkl,0
8015.pkl,0
8017.pkl,0
8019.pkl,0
8020.pkl,0
8022.pkl,0
8023.pkl,0
8025.pkl,0
8028.pkl,0
8029.pkl,0
8032.pkl,0
8035.pkl,0
8036.pkl,0
8037.pkl,0
8039.pkl,0
8040.pkl,0
8041.pkl,1
8043.pkl,0
8044.pkl,0
8046.pkl,0
8047.pkl,0
8049.pkl,0
8050.pkl,0
8051.pkl,0
8052.pkl,1
8053.pkl,0
8055.pkl,0
8056.pkl,0
8058.pkl,0
8059.pkl,0
806.pkl,0
8060.pkl,0
8061.pkl,1
8062.pkl,0
8063.pkl,0
8065.pkl,0
8066.pkl,0
8067.pkl,0
8069.pkl,0
8077.pkl,0
8078.pkl,0
808.pkl,0
8083.pkl,0
8088.pkl,0
8092.pkl,0
8093.pkl,0
8094.pkl,0
8096.pkl,0
81.pkl,0
810.pkl,0
8103.pkl,0
8105.pkl,0
8106.pkl,0
8107.pkl,0
8108.pkl,0
8110.pkl,0
8111.pkl,1
8114.pkl,0
8115.pkl,0
8116.pkl,0
8117.pkl,0
8119.pkl,0
8122.pkl,0
8124.pkl,1
8127.pkl,0
8128.pkl,0
8129.pkl,0
8130.pkl,1
8132.pkl,0
8134.pkl,0
8137.pkl,0
8139.pkl,0
814.pkl,0
8141.pkl,0
8142.pkl,0
8145.pkl,0
8146.pkl,0
8147.pkl,0
8148.pkl,0
815.pkl,0
8150.pkl,0
8153.pkl,0
8154.pkl,0
8155.pkl,0
8157.pkl,0
8158.pkl,0
8161.pkl,1
8162.pkl,0
8163.pkl,0
8165.pkl,0
8166.pkl,0
8167.pkl,0
8168.pkl,0
817.pkl,0
8170.pkl,0
8171.pkl,0
8173.pkl,0
8174.pkl,1
8179.pkl,0
818.pkl,0
8181.pkl,0
8182.pkl,0
8184.pkl,0
8185.pkl,0
8188.pkl,0
819.pkl,0
8190.pkl,0
8193.pkl,0
8195.pkl,0
8196.pkl,0
8197.pkl,0
8198.pkl,0
82.pkl,0
820.pkl,0
8200.pkl,0
8201.pkl,0
8202.pkl,0
8206.pkl,0
8208.pkl,0
8209.pkl,0
821.pkl,0
8210.pkl,0
8211.pkl,0
8212.pkl,0
8213.pkl,0
8216.pkl,0
8217.pkl,0
8218.pkl,0
8219.pkl,0
822.pkl,0
8224.pkl,0
8226.pkl,0
8227.pkl,0
8228.pkl,0
823.pkl,0
8230.pkl,0
8232.pkl,0
8237.pkl,1
8238.pkl,0
824.pkl,0
8242.pkl,1
8243.pkl,0
8244.pkl,0
8245.pkl,0
8246.pkl,0
8248.pkl,0
825.pkl,1
8251.pkl,0
8252.pkl,0
826.pkl,0
8260.pkl,0
8261.pkl,0
8265.pkl,0
8267.pkl,0
8268.pkl,0
8269.pkl,0
8270.pkl,0
8271.pkl,0
8272.pkl,0
8273.pkl,0
8275.pkl,0
8278.pkl,0
8279.pkl,0
8280.pkl,1
8281.pkl,0
8284.pkl,0
8285.pkl,0
8288.pkl,0
8289.pkl,0
829.pkl,0
8290.pkl,0
8291.pkl,1
8292.pkl,0
8293.pkl,0
8294.pkl,0
8297.pkl,0
8300.pkl,0
8304.pkl,0
8305.pkl,0
8306.pkl,0
8307.pkl,0
8309.pkl,0
831.pkl,0
8310.pkl,0
8313.pkl,0
8314.pkl,0
8315.pkl,0
8316.pkl,0
8322.pkl,0
8323.pkl,0
8324.pkl,0
833.pkl,0
8330.pkl,1
8331.pkl,0
8332.pkl,0
8334.pkl,0
8335.pkl,0
8336.pkl,0
8337.pkl,0
8338.pkl,0
8339.pkl,0
834.pkl,0
8340.pkl,0
8341.pkl,0
8344.pkl,0
8345.pkl,0
8346.pkl,0
8349.pkl,0
8351.pkl,0
8354.pkl,1
8356.pkl,0
8359.pkl,0
836.pkl,0
8360.pkl,0
8364.pkl,0
8366.pkl,0
8368.pkl,0
8369.pkl,0
8371.pkl,0
8375.pkl,0
8378.pkl,0
8379.pkl,1
838.pkl,0
8380.pkl,0
8381.pkl,0
8382.pkl,0
8383.pkl,1
8384.pkl,0
8385.pkl,0
8388.pkl,0
8389.pkl,0
839.pkl,0
8390.pkl,0
8391.pkl,0
8393.pkl,1
8395.pkl,0
8396.pkl,0
8398.pkl,0
840.pkl,1
8400.pkl,0
8401.pkl,0
8402.pkl,0
8403.pkl,0
841.pkl,0
8412.pkl,0
8413.pkl,0
8415.pkl,0
8417.pkl,0
8419.pkl,0
842.pkl,0
8420.pkl,0
8423.pkl,0
8426.pkl,0
8427.pkl,0
8428.pkl,0
843.pkl,0
8431.pkl,0
8432.pkl,0
8434.pkl,0
8436.pkl,0
8438.pkl,0
8439.pkl,1
8440.pkl,0
8441.pkl,0
8446.pkl,0
8448.pkl,0
8449.pkl,0
8450.pkl,0
8454.pkl,0
8456.pkl,0
8457.pkl,0
8458.pkl,0
8459.pkl,0
846.pkl,0
8460.pkl,0
8462.pkl,0
8463.pkl,0
8465.pkl,0
8466.pkl,0
8467.pkl,0
8468.pkl,0
8469.pkl,0
8470.pkl,0
8471.pkl,0
8472.pkl,0
8473.pkl,0
8474.pkl,0
8475.pkl,0
8476.pkl,0
8480.pkl,0
8481.pkl,0
8483.pkl,0
8484.pkl,0
8485.pkl,0
8487.pkl,0
8488.pkl,0
8489.pkl,0
8490.pkl,0
8492.pkl,0
8493.pkl,0
8496.pkl,0
8497.pkl,0
85.pkl,0
850.pkl,0
8500.pkl,0
8501.pkl,0
8502.pkl,0
8504.pkl,1
8505.pkl,0
8506.pkl,0
8509.pkl,0
8510.pkl,0
8514.pkl,0
8515.pkl,0
8517.pkl,1
852.pkl,0
8524.pkl,0
8525.pkl,0
8526.pkl,0
8529.pkl,0
853.pkl,0
8530.pkl,0
8532.pkl,0
8534.pkl,0
8535.pkl,0
8537.pkl,0
8538.pkl,0
8539.pkl,0
8540.pkl,0
8541.pkl,0
8542.pkl,0
8543.pkl,0
8544.pkl,0
8546.pkl,0
8547.pkl,1
855.pkl,0
8553.pkl,0
8554.pkl,0
8556.pkl,0
8557.pkl,0
8558.pkl,0
8559.pkl,0
856.pkl,0
8560.pkl,1
8561.pkl,0
8562.pkl,0
8563.pkl,0
8564.pkl,0
8567.pkl,0
857.pkl,0
8570.pkl,0
8572.pkl,0
8573.pkl,0
8578.pkl,0
8579.pkl,0
8580.pkl,0
8581.pkl,0
8582.pkl,0
8584.pkl,0
8586.pkl,1
8587.pkl,0
8591.pkl,0
8592.pkl,0
8596.pkl,0
8597.pkl,0
8599.pkl,0
860.pkl,0
8600.pkl,0
8601.pkl,0
8602.pkl,0
8603.pkl,0
8605.pkl,0
8606.pkl,0
8607.pkl,0
8610.pkl,0
8611.pkl,0
8613.pkl,0
8616.pkl,0
8617.pkl,0
8619.pkl,0
862.pkl,0
8620.pkl,0
8622.pkl,0
8624.pkl,0
8626.pkl,0
8628.pkl,0
8629.pkl,0
863.pkl,1
8630.pkl,0
8631.pkl,0
8637.pkl,0
8638.pkl,0
864.pkl,0
8641.pkl,0
8642.pkl,0
8643.pkl,0
8644.pkl,0
8645.pkl,1
8646.pkl,0
8647.pkl,0
8648.pkl,0
8651.pkl,0
8652.pkl,0
8653.pkl,0
8654.pkl,0
8655.pkl,0
8656.pkl,0
8658.pkl,0
866.pkl,0
8663.pkl,0
8666.pkl,0
8667.pkl,0
8668.pkl,1
8669.pkl,0
8673.pkl,0
8675.pkl,0
8677.pkl,0
8678.pkl,0
8680.pkl,0
8681.pkl,0
8683.pkl,0
8684.pkl,0
8685.pkl,0
8686.pkl,0
8687.pkl,0
8688.pkl,0
869.pkl,0
8690.pkl,0
8691.pkl,0
8692.pkl,0
8696.pkl,0
8697.pkl,0
8698.pkl,0
8699.pkl,1
87.pkl,0
8701.pkl,0
8702.pkl,0
8703.pkl,0
8704.pkl,0
8705.pkl,0
8706.pkl,0
8708.pkl,0
8712.pkl,0
8718.pkl,0
872.pkl,0
8720.pkl,0
8721.pkl,0
8722.pkl,0
8723.pkl,0
8724.pkl,0
8726.pkl,0
8728.pkl,0
8729.pkl,0
873.pkl,0
8730.pkl,0
8733.pkl,0
8734.pkl,0
8735.pkl,0
8736.pkl,0
874.pkl,0
8740.pkl,0
8745.pkl,0
8746.pkl,0
8747.pkl,0
8748.pkl,0
8749.pkl,0
875.pkl,0
8753.pkl,0
8756.pkl,0
8757.pkl,0
8759.pkl,0
8760.pkl,0
8761.pkl,0
8763.pkl,1
8765.pkl,0
8766.pkl,0
8768.pkl,0
877.pkl,0
8770.pkl,0
8771.pkl,0
8772.pkl,0
8774.pkl,0
8775.pkl,0
8776.pkl,0
8778.pkl,0
8779.pkl,0
8782.pkl,1
8783.pkl,0
8785.pkl,0
8786.pkl,0
8787.pkl,1
8788.pkl,0
8789.pkl,1
8794.pkl,1
8796.pkl,0
8799.pkl,1
88.pkl,1
880.pkl,1
8800.pkl,0
8802.pkl,0
8804.pkl,0
8805.pkl,1
881.pkl,0
8811.pkl,0
8812.pkl,0
8814.pkl,1
8815.pkl,0
8816.pkl,0
8817.pkl,1
8818.pkl,0
8820.pkl,0
8822.pkl,1
8823.pkl,0
8825.pkl,0
8827.pkl,0
8828.pkl,0
8830.pkl,0
8832.pkl,1
8834.pkl,0
8838.pkl,0
884.pkl,0
8843.pkl,0
8844.pkl,0
8846.pkl,0
8848.pkl,0
885.pkl,0
8850.pkl,0
8852.pkl,0
8853.pkl,0
8856.pkl,0
8858.pkl,0
8860.pkl,0
8861.pkl,0
8864.pkl,0
8867.pkl,0
8869.pkl,0
887.pkl,1
8870.pkl,0
8871.pkl,0
8873.pkl,0
8875.pkl,0
8876.pkl,0
8877.pkl,0
8878.pkl,0
888.pkl,0
8882.pkl,0
8884.pkl,0
8887.pkl,0
8888.pkl,0
8889.pkl,0
8890.pkl,0
8894.pkl,0
8896.pkl,0
8899.pkl,0
890.pkl,0
8900.pkl,0
8901.pkl,0
8903.pkl,0
8904.pkl,0
8906.pkl,0
891.pkl,0
8910.pkl,0
8911.pkl,0
8912.pkl,0
8916.pkl,0
8917.pkl,0
8918.pkl,0
8919.pkl,0
892.pkl,0
8920.pkl,0
8921.pkl,0
8924.pkl,0
8927.pkl,0
893.pkl,0
8930.pkl,0
8931.pkl,0
8932.pkl,0
8934.pkl,0
8935.pkl,0
8936.pkl,0
8937.pkl,0
8938.pkl,0
8939.pkl,0
8941.pkl,0
8942.pkl,0
8943.pkl,0
8944.pkl,1
8950.pkl,0
8951.pkl,0
8952.pkl,0
8954.pkl,0
8955.pkl,0
8956.pkl,0
8957.pkl,0
8958.pkl,0
8959.pkl,0
8960.pkl,0
8961.pkl,0
8963.pkl,0
8964.pkl,0
8965.pkl,0
8966.pkl,0
8969.pkl,0
897.pkl,0
8970.pkl,0
8971.pkl,1
8973.pkl,0
8974.pkl,0
8975.pkl,0
8976.pkl,0
8977.pkl,0
8978.pkl,0
8979.pkl,0
898.pkl,0
8981.pkl,0
8984.pkl,0
8986.pkl,0
8987.pkl,0
8989.pkl,0
8992.pkl,0
8993.pkl,0
8995.pkl,0
8996.pkl,0
8997.pkl,1
8998.pkl,0
8999.pkl,0
90.pkl,0
900.pkl,0
9001.pkl,0
9002.pkl,0
9004.pkl,0
9005.pkl,0
9007.pkl,0
9009.pkl,0
9012.pkl,0
9015.pkl,1
9020.pkl,1
9021.pkl,0
9022.pkl,0
9024.pkl,0
9026.pkl,0
9027.pkl,0
9029.pkl,0
903.pkl,0
9031.pkl,0
9035.pkl,0
9038.pkl,0
9039.pkl,0
904.pkl,0
9040.pkl,0
9041.pkl,0
9043.pkl,0
9044.pkl,0
9046.pkl,0
9048.pkl,0
9050.pkl,0
9052.pkl,0
9053.pkl,0
9055.pkl,0
9056.pkl,0
9057.pkl,0
9058.pkl,0
9059.pkl,0
906.pkl,0
9061.pkl,0
9062.pkl,0
9065.pkl,0
907.pkl,0
9070.pkl,0
9071.pkl,0
9074.pkl,0
9078.pkl,0
9080.pkl,0
9084.pkl,0
9086.pkl,0
9091.pkl,0
9096.pkl,0
9097.pkl,0
91.pkl,0
910.pkl,0
9102.pkl,0
9104.pkl,0
9106.pkl,0
9110.pkl,0
9111.pkl,1
9112.pkl,0
9113.pkl,0
9116.pkl,0
9117.pkl,0
9119.pkl,0
912.pkl,0
9123.pkl,0
9124.pkl,0
9126.pkl,0
9127.pkl,0
9128.pkl,0
9129.pkl,0
9130.pkl,0
9133.pkl,0
9134.pkl,0
9135.pkl,0
9138.pkl,0
9140.pkl,0
9141.pkl,0
9143.pkl,0
9144.pkl,0
9148.pkl,0
9149.pkl,0
915.pkl,0
9152.pkl,0
9153.pkl,0
9155.pkl,0
9159.pkl,1
9166.pkl,0
9168.pkl,0
917.pkl,0
9170.pkl,0
9171.pkl,0
9174.pkl,0
9175.pkl,0
9176.pkl,0
9178.pkl,0
918.pkl,1
9181.pkl,0
9182.pkl,0
9183.pkl,0
9184.pkl,0
9185.pkl,0
9187.pkl,0
9188.pkl,0
9189.pkl,0
9191.pkl,0
9194.pkl,0
9195.pkl,0
9196.pkl,0
9198.pkl,0
9199.pkl,0
92.pkl,0
920.pkl,0
9200.pkl,0
9201.pkl,0
9203.pkl,0
9204.pkl,0
9205.pkl,0
9206.pkl,0
9207.pkl,0
921.pkl,0
9211.pkl,0
9214.pkl,0
9216.pkl,0
9218.pkl,0
922.pkl,0
9220.pkl,0
9221.pkl,0
9222.pkl,0
9223.pkl,0
9226.pkl,0
9227.pkl,1
9229.pkl,0
9230.pkl,0
9231.pkl,0
9233.pkl,0
9234.pkl,0
9236.pkl,0
9238.pkl,0
9239.pkl,0
924.pkl,0
9242.pkl,0
9244.pkl,0
9245.pkl,0
9246.pkl,0
9249.pkl,0
925.pkl,0
9250.pkl,0
9251.pkl,1
9252.pkl,0
9253.pkl,0
9254.pkl,0
9255.pkl,0
9256.pkl,0
9257.pkl,0
926.pkl,0
9261.pkl,0
9262.pkl,0
9263.pkl,1
9264.pkl,0
9265.pkl,0
9266.pkl,0
9267.pkl,0
9270.pkl,0
9273.pkl,0
9274.pkl,0
9275.pkl,1
9277.pkl,0
9279.pkl,1
928.pkl,0
9280.pkl,0
9282.pkl,0
9283.pkl,0
9285.pkl,0
9286.pkl,1
9289.pkl,0
9290.pkl,0
9292.pkl,0
9293.pkl,0
9294.pkl,0
9296.pkl,0
9297.pkl,0
9298.pkl,0
93.pkl,0
930.pkl,0
9300.pkl,0
9303.pkl,0
9304.pkl,0
9305.pkl,0
9306.pkl,0
9307.pkl,0
9309.pkl,0
9310.pkl,0
9313.pkl,0
9314.pkl,0
9315.pkl,1
9316.pkl,0
9317.pkl,0
9318.pkl,0
932.pkl,0
9321.pkl,0
9322.pkl,0
9323.pkl,0
9325.pkl,0
9326.pkl,0
9329.pkl,0
9330.pkl,0
9331.pkl,0
9332.pkl,0
9334.pkl,0
9335.pkl,0
9337.pkl,0
9339.pkl,0
9340.pkl,0
9345.pkl,0
9346.pkl,0
9347.pkl,0
9348.pkl,0
9351.pkl,0
9354.pkl,0
9356.pkl,0
9358.pkl,1
9359.pkl,0
936.pkl,0
9361.pkl,0
9363.pkl,0
9365.pkl,0
9368.pkl,0
9370.pkl,0
9371.pkl,0
9372.pkl,0
9373.pkl,0
9374.pkl,1
9375.pkl,0
9376.pkl,0
9377.pkl,0
9379.pkl,0
9380.pkl,1
9381.pkl,0
9383.pkl,0
9387.pkl,0
9388.pkl,0
939.pkl,0
9390.pkl,0
9391.pkl,0
9392.pkl,0
9393.pkl,1
9394.pkl,0
9396.pkl,0
9397.pkl,0
9398.pkl,0
9399.pkl,1
94.pkl,0
9401.pkl,0
9402.pkl,0
9405.pkl,0
9407.pkl,0
9408.pkl,0
9409.pkl,0
9411.pkl,0
9412.pkl,0
9414.pkl,0
9418.pkl,0
942.pkl,0
9420.pkl,1
9421.pkl,0
9423.pkl,1
9426.pkl,0
9427.pkl,0
943.pkl,0
9436.pkl,0
9437.pkl,0
9438.pkl,0
944.pkl,0
9441.pkl,0
9442.pkl,0
9443.pkl,1
9446.pkl,0
9448.pkl,0
9450.pkl,0
9451.pkl,0
9454.pkl,0
9456.pkl,1
946.pkl,0
9462.pkl,0
9463.pkl,1
9467.pkl,0
9469.pkl,0
947.pkl,0
9470.pkl,0
9471.pkl,0
9472.pkl,0
9474.pkl,0
9475.pkl,0
9477.pkl,0
9478.pkl,0
9481.pkl,0
9482.pkl,0
9483.pkl,0
9484.pkl,0
9485.pkl,0
9489.pkl,0
9491.pkl,0
9492.pkl,1
9494.pkl,0
9495.pkl,1
9496.pkl,0
9498.pkl,0
95.pkl,1
9500.pkl,0
9502.pkl,1
9505.pkl,0
9506.pkl,0
9507.pkl,0
9508.pkl,0
9509.pkl,0
9512.pkl,0
9514.pkl,0
9515.pkl,0
9516.pkl,0
9519.pkl,0
9521.pkl,0
9522.pkl,0
9525.pkl,0
9526.pkl,1
9527.pkl,0
953.pkl,0
9530.pkl,0
9534.pkl,0
9535.pkl,0
9536.pkl,0
9539.pkl,0
954.pkl,0
9540.pkl,0
9541.pkl,0
9542.pkl,0
9546.pkl,0
9547.pkl,0
9548.pkl,0
9549.pkl,0
9552.pkl,0
9554.pkl,0
9555.pkl,0
9557.pkl,0
9559.pkl,0
9560.pkl,0
9562.pkl,0
9563.pkl,0
957.pkl,0
9575.pkl,0
9576.pkl,0
9577.pkl,0
9580.pkl,0
9582.pkl,0
9583.pkl,0
9586.pkl,0
9587.pkl,0
959.pkl,0
9591.pkl,0
9592.pkl,0
9595.pkl,0
9596.pkl,0
9597.pkl,0
96.pkl,0
960.pkl,0
9601.pkl,0
9604.pkl,0
9605.pkl,0
9606.pkl,0
961.pkl,0
9610.pkl,0
9611.pkl,0
9612.pkl,0
9613.pkl,0
9614.pkl,0
9615.pkl,0
9616.pkl,0
9617.pkl,0
9618.pkl,1
9621.pkl,0
9623.pkl,0
9624.pkl,0
9628.pkl,0
9629.pkl,0
963.pkl,0
9631.pkl,0
9632.pkl,0
9636.pkl,0
9639.pkl,0
9642.pkl,0
9643.pkl,0
9644.pkl,0
9645.pkl,0
965.pkl,0
9650.pkl,0
9652.pkl,0
9655.pkl,0
9656.pkl,0
9657.pkl,0
9658.pkl,0
9659.pkl,0
9662.pkl,0
9664.pkl,0
9665.pkl,0
9666.pkl,0
9667.pkl,0
9668.pkl,0
9669.pkl,0
967.pkl,0
9674.pkl,0
9675.pkl,0
9676.pkl,0
9678.pkl,0
9679.pkl,0
9680.pkl,0
9683.pkl,0
9685.pkl,1
9686.pkl,0
9687.pkl,0
9690.pkl,1
9691.pkl,0
9693.pkl,0
9696.pkl,0
9698.pkl,0
9699.pkl,0
970.pkl,0
9705.pkl,0
9706.pkl,0
9707.pkl,0
9709.pkl,0
971.pkl,0
9710.pkl,0
9712.pkl,0
9713.pkl,0
9714.pkl,0
9715.pkl,0
9716.pkl,1
9721.pkl,0
9722.pkl,0
9724.pkl,0
9725.pkl,0
9726.pkl,0
9727.pkl,0
9728.pkl,0
9729.pkl,0
973.pkl,0
9730.pkl,0
9732.pkl,0
9733.pkl,0
9735.pkl,0
9736.pkl,0
9739.pkl,0
974.pkl,0
9742.pkl,0
9745.pkl,0
9746.pkl,0
9748.pkl,0
9749.pkl,0
9751.pkl,0
9753.pkl,0
9756.pkl,0
9757.pkl,0
9759.pkl,0
9760.pkl,0
9762.pkl,1
9763.pkl,0
9765.pkl,0
9769.pkl,0
9770.pkl,0
9771.pkl,0
9772.pkl,0
9773.pkl,0
9774.pkl,0
9775.pkl,0
9776.pkl,0
9777.pkl,0
9783.pkl,0
9784.pkl,1
9785.pkl,0
9786.pkl,1
9788.pkl,0
9789.pkl,0
9790.pkl,0
9792.pkl,0
9793.pkl,1
9794.pkl,0
98.pkl,0
9802.pkl,0
9803.pkl,0
9807.pkl,0
9808.pkl,0
9809.pkl,0
9810.pkl,0
9811.pkl,0
9812.pkl,0
9814.pkl,0
9815.pkl,0
9816.pkl,0
9823.pkl,0
9824.pkl,0
9828.pkl,0
9829.pkl,0
9830.pkl,0
9832.pkl,0
9833.pkl,0
9834.pkl,0
9837.pkl,0
9838.pkl,0
9842.pkl,0
9843.pkl,0
9844.pkl,0
9846.pkl,1
9847.pkl,0
9855.pkl,0
9858.pkl,0
9859.pkl,0
9860.pkl,0
9861.pkl,0
9864.pkl,0
9865.pkl,0
9870.pkl,0
9871.pkl,0
9873.pkl,0
9875.pkl,1
9878.pkl,0
9880.pkl,1
9881.pkl,0
9882.pkl,0
9884.pkl,0
9885.pkl,0
9886.pkl,0
9887.pkl,0
989.pkl,0
9890.pkl,0
9891.pkl,0
9893.pkl,0
9894.pkl,1
9898.pkl,0
9899.pkl,0
99.pkl,0
990.pkl,0
9900.pkl,0
9906.pkl,0
9908.pkl,0
9909.pkl,0
9911.pkl,0
9913.pkl,0
9914.pkl,0
9916.pkl,0
9919.pkl,0
9920.pkl,0
9927.pkl,0
9928.pkl,0
9929.pkl,0
9930.pkl,0
9931.pkl,0
9935.pkl,0
9938.pkl,0
9939.pkl,0
9940.pkl,0
9941.pkl,0
9945.pkl,0
9948.pkl,0
9949.pkl,0
995.pkl,0
9950.pkl,0
9951.pkl,0
9952.pkl,0
9954.pkl,0
9958.pkl,0
9959.pkl,0
996.pkl,0
9960.pkl,0
9961.pkl,0
9962.pkl,0
9964.pkl,0
9966.pkl,0
9967.pkl,0
9968.pkl,0
9969.pkl,0
997.pkl,0
9970.pkl,0
9971.pkl,0
9972.pkl,0
9973.pkl,0
9975.pkl,0
9976.pkl,0
9977.pkl,0
998.pkl,0
9981.pkl,0
9982.pkl,0
9983.pkl,0
9986.pkl,0
9987.pkl,0
9989.pkl,0
999.pkl,0
9990.pkl,0
9992.pkl,0
9994.pkl,1
9995.pkl,0
9996.pkl,0
9998.pkl,0
9999.pkl,0
